Part_ID,On_Hand_Qty,On_Order_Qty,Allocated_Qty,Available_Qty,Avg_Weekly_Demand,Demand_SD,Demand_CV,Nonzero_Demand_Weeks,XYZ_Class,Lead_Time_Weeks,Safety_Stock_Qty,Reorder_Point_Qty,Suggested_Replenishment_Qty,Planner_Exception_Flag,Manual_Location,UDC_Type
TC-CON-0343,46,0,9,37,3,3.27059233068696,1.09019744356232,102,Y,1.4,18,35,0,False,R-I38,VER
VL-CON-0336,23,0,7,16,3.8525641025641,2.24845319498937,0.583625122160302,139,X,1,13,22,22,True,R-B17,D
TC-CON-0329,23,0,5,18,3.36538461538462,2.03227677331969,0.603876526929279,135,X,1.3,13,22,21,True,R-E25,B
WA-CON-0631,16,7,4,19,3.6025641025641,2.11806206975816,0.587931820075219,141,X,1.3,15,21,13,True,R-F76,D
TC-CON-0171,17,0,2,15,2.92948717948718,3.42874411219784,1.17042468600189,95,Y,1,6,12,0,False,R-L86,B
WA-CON-0494,34,0,1,33,3.21153846153846,2.15529240703007,0.671109012967448,130,X,1.4,9,16,0,False,R-F91,D
VL-CON-0419,12,8,2,18,2.3974358974359,2.98313428413048,1.24430200086726,85,Y,1.3,13,19,8,True,R-H98,D
WA-CON-0200,17,18,0,35,2.55769230769231,3.03791181382633,1.18775499487947,95,Y,2.7,19,30,0,False,R-N53,D
TC-CON-0911,7,9,4,12,2.49358974358974,1.87512337614491,0.751977497888448,118,X,1.3,5,10,0,False,R-G10,D
VL-CON-0407,12,0,2,10,2.32692307692308,1.93495340125089,0.831550222025178,112,X,1,4,8,0,False,R-P17,ORANGE
TC-CON-0475,13,5,2,16,2.5,2.0991549759137,0.839661990365478,114,X,1.3,7,14,0,False,R-Q64,F
WB-CON-0276,7,4,2,9,2.22435897435897,3.09333042768182,1.39066151792036,85,Y,1.1,3,8,0,False,R-B54,D
WB-CON-0672,13,4,0,17,2.6025641025641,2.01823777230082,0.775480523347113,118,X,1.1,9,14,0,False,R-M65,D
WB-CON-0005,18,0,1,17,2.23076923076923,1.75920126247279,0.788607462487802,115,X,1,10,15,0,False,R-D26,D
TC-CON-0008,25,0,2,23,2.38461538461538,1.88187119802481,0.789171792720082,115,X,1.4,11,17,0,False,R-M40,B
TC-CON-0213,18,0,0,18,1.75641025641026,2.4792605423907,1.41154979785748,79,Y,1.6,4,11,0,False,R-M36,B
TC-CON-0378,9,0,0,9,2.41025641025641,1.94396268008713,0.806537707695725,118,X,1.1,4,9,0,False,R-Y59,B
AD-CON-0459,10,0,3,7,1.40384615384615,1.44033529319524,1.02599226364593,94,Y,1,4,8,7,True,R-G54,D
WA-CON-0241,5,3,0,8,0.846153846153846,1.41491523126388,1.67217254603914,56,Y,1,6,11,7,True,R-B55,D
AD-CON-0798,8,4,1,11,0.993589743589744,1.51762460772045,1.52741573422187,67,Y,1.4,11,17,13,True,R-S24,B
WB-CON-0165,9,0,0,9,1.01282051282051,1.70761928025136,1.68600384632413,55,Y,1,4,8,0,False,R-E56,VER
AD-CON-0588,12,7,0,19,1.10897435897436,1.88568022448551,1.70038216774416,61,Y,2.7,5,14,0,False,R-A36,F
AD-CON-0632,26,0,2,24,1.10897435897436,1.93298605020989,1.7430394441199,61,Y,2.7,9,18,0,False,R-S20,E
TE-CON-0893,8,5,0,13,1.08974358974359,1.66315593849918,1.52619015532866,64,Y,1.4,9,16,13,True,R-C81,D
AD-CON-0483,7,4,1,10,0.801282051282051,1.46538499529986,1.82880047413422,49,Y,1.1,6,11,8,True,R-P98,E
WB-CON-0087,21,0,1,20,1.46153846153846,1.58779463767025,1.08638580472175,87,Y,1,9,13,0,False,R-I26,B
WB-CON-0665,15,0,0,15,1.06410256410256,1.59304734222622,1.4970806348632,68,Y,1.6,5,12,0,False,R-B73,E
WB-CON-0763,23,0,1,22,1.37820512820513,1.5464546288014,1.12207870740939,87,Y,1.4,9,15,0,False,R-I40,B
TC-CON-0981,26,0,0,26,1.30769230769231,1.43960292292089,1.1008728234101,88,Y,2.7,6,15,0,False,R-Y01,E
TE-CON-0986,10,0,0,10,0.974358974358974,1.81374222996479,1.86147228864807,51,Y,1.1,6,10,0,False,R-M42,B
WB-CON-0120,25,0,3,22,1.39102564102564,1.56812490429408,1.12731559940036,88,Y,1,11,15,0,False,R-G35,E
TC-CON-0491,11,0,5,6,1.11538461538462,1.76328702752536,1.58087802467791,61,Y,1.1,5,10,8,True,R-C44,F
VL-CON-0898,12,4,0,16,0.955128205128205,1.77924575799083,1.86283448487631,52,Y,1.1,11,17,10,True,R-F98,B
VL-CON-0279,11,0,1,10,1.07051282051282,1.78203283517477,1.66465342686984,62,Y,1.3,6,11,9,True,R-N19,D
TC-CON-0576,11,0,0,11,1.07051282051282,1.81076415694939,1.69149226637189,57,Y,1,7,11,0,False,R-E44,PALLET
TC-CON-0433,13,4,0,17,1.25641025641026,1.50213523239762,1.19557702170423,82,Y,1.3,9,14,0,False,R-Y61,D
WB-CON-0813,12,3,2,13,1.08974358974359,1.78297249041356,1.63613946179127,55,Y,1,10,14,8,True,R-Y74,E
TC-CON-0699,14,5,0,19,0.512820512820513,1.58414393076607,3.08908066499383,28,Z,1,12,17,0,False,R-Y47,D
TC-CON-0347,9,3,0,12,0.448717948717949,1.26641414922338,2.82229438969783,23,Z,1.6,10,16,11,True,R-N62,B
TC-CON-0471,11,14,0,25,1.05128205128205,1.81674956746976,1.72812763734929,58,Y,2.7,8,18,0,False,R-T88,B
WA-CON-0260,7,6,1,12,0.878205128205128,1.44732433317238,1.64804814580213,56,Y,1.3,8,14,10,True,R-H95,B
TE-CON-0635,7,8,1,14,1.24358974358974,1.52979777230593,1.23014666226663,77,Y,1,7,11,0,False,R-Y87,E
WA-CON-0328,7,0,0,7,1.30128205128205,1.43872646101031,1.10562230501285,84,Y,1.1,3,7,0,False,R-E80,B
TC-CON-0700,15,0,0,15,1.23076923076923,1.95710831403211,1.59015050515109,59,Y,1.3,6,11,0,False,R-F72,D
VL-CON-0238,13,14,1,26,0.58974358974359,1.51070073410426,2.56162298391592,29,Z,1.4,14,20,0,False,R-Z89,D
TC-CON-0067,22,0,1,21,1.28846153846154,1.4635776553876,1.13591101612172,85,Y,1.3,8,13,0,False,R-N15,D
AD-CON-0771,17,0,0,17,1.03205128205128,1.5633705184627,1.51481863900734,61,Y,1.4,6,11,0,False,R-I26,E
WA-CON-0741,18,0,0,18,0.769230769230769,1.95050416591216,2.53565541568581,35,Z,1,11,15,0,False,R-S32,PALLET
TC-CON-0333,14,0,0,14,1.08974358974359,1.79379502145337,1.64607072556898,61,Y,1,5,9,0,False,R-L16,D
AD-CON-0592,10,3,0,13,1.01282051282051,1.6962470129279,1.6747755317516,60,Y,1.4,5,11,0,False,R-G17,E
VL-CON-0387,9,6,1,14,1.31410256410256,1.44492208598735,1.09955046543427,84,Y,2.7,13,23,19,True,R-G14,E
TC-CON-0740,17,0,1,16,0.942307692307692,1.47775062113437,1.56822514895893,63,Y,1,6,10,0,False,R-S07,D
VL-CON-0350,9,9,1,17,1.08333333333333,1.79590334294591,1.65775693195007,60,Y,1.1,10,15,0,False,R-I48,F
TC-CON-0303,20,0,0,20,1.00641025641026,1.61243872550464,1.60216841515111,60,Y,1.4,5,10,0,False,R-H59,B
VL-CON-0536,16,0,2,14,1.24358974358974,1.39756375523933,1.1238141536976,82,Y,1.6,5,11,0,False,R-Z95,B
VL-CON-0678,10,5,0,15,1.24358974358974,1.52979777230593,1.23014666226663,81,Y,1.6,5,12,0,False,R-G18,E
TC-CON-0795,13,0,1,12,1.11538461538462,1.91078952930724,1.71312164696511,53,Y,1,9,12,0,False,R-L17,D
WA-CON-0721,11,0,0,11,1.14102564102564,1.94587642729595,1.7053748463942,59,Y,1,6,10,0,False,R-Q31,E
WB-CON-0591,5,4,1,8,0.621794871794872,1.67848990779039,2.69942706819897,34,Z,1.4,5,11,12,True,R-C60,F
TC-CON-0773,6,3,1,8,0.91025641025641,1.46517331297544,1.60962701988851,59,Y,1,3,7,0,False,R-P98,B
WA-CON-0686,12,0,0,12,0.987179487179487,1.63425895009439,1.6554830923034,54,Y,1,3,7,0,False,R-C37,F
TE-CON-0247,14,0,1,13,1.01282051282051,1.70004622133437,1.67852664891242,53,Y,1,7,12,0,False,R-M40,D
WB-CON-0290,6,3,0,9,1.07692307692308,1.76904735266757,1.64268682747703,60,Y,1.4,4,9,0,False,R-N39,D
VL-CON-0158,11,3,0,14,1.0448717948718,1.72025110214327,1.6463752879408,64,Y,1.1,8,13,0,False,R-S04,D
VL-CON-0653,21,0,2,19,0.961538461538462,1.73720062311835,1.80668864804308,54,Y,1.1,8,13,0,False,R-P82,F
TC-CON-0376,21,0,1,20,1.19871794871795,1.46978107562195,1.22612752832633,78,Y,1.3,10,15,0,False,R-A16,B
WB-CON-0025,13,0,1,12,1.06410256410256,1.81278430359164,1.7035804298813,61,Y,1,7,11,0,False,R-P42,D
WB-CON-0195,31,0,1,30,1.32051282051282,1.50263072315095,1.1379145282114,86,Y,1.6,9,16,0,False,R-N66,D
TC-CON-0796,9,2,0,11,1.32051282051282,1.45906368335746,1.10492201263963,88,Y,1,5,10,0,False,R-C42,E
TE-CON-0310,18,0,0,18,0.891025641025641,1.55573327985486,1.74600281767884,56,Y,1.3,10,15,0,False,R-B30,D
TC-CON-0268,22,0,0,22,1.10897435897436,1.3419952307435,1.21012286702882,78,Y,1,9,13,0,False,R-P13,B
WB-CON-0135,15,0,0,15,0.814102564102564,2.47257078486884,3.03717356251606,32,Z,1.4,5,11,0,False,R-Z32,B
WB-CON-0217,9,4,0,13,1.05128205128205,1.6840614186749,1.60191208117856,61,Y,1,8,12,0,False,R-C39,B
TC-CON-0190,5,4,0,9,0.891025641025641,1.67937668140533,1.88476807409519,50,Y,1.1,4,9,0,False,R-Q29,E
WB-CON-0925,13,0,0,13,1.33974358974359,1.58418309006941,1.18245245000396,85,Y,1.4,3,8,0,False,R-Y93,B
WB-CON-0912,7,3,0,10,0.961538461538462,1.50219029499665,1.56227790679652,60,Y,1.4,4,10,0,False,R-N57,B
TC-CON-0575,19,0,0,19,0.557692307692308,1.16530701819311,2.08951603262213,42,Y,1,7,10,0,False,R-T56,F
AD-CON-0111,5,3,0,8,0.602564102564103,1.21112843771358,2.00995783280127,40,Y,1,5,8,0,False,R-N10,B
VL-CON-0075,9,0,0,9,0.493589743589744,1.13306205092615,2.29555428499323,36,Y,1,6,9,0,False,R-G84,ORANGE
WB-CON-0696,3,2,0,5,0.192307692307692,0.719456646369302,3.74117456112037,14,Z,1,3,6,4,True,R-E65,D
WA-CON-0179,8,0,0,8,0.596153846153846,1.20632123338443,2.02350658503196,40,Y,1,3,5,0,False,R-Y03,E
TC-BRG-0372,9,0,0,9,0.320512820512821,1.03479578466652,3.22856284815955,20,Z,1,2,4,0,False,R-P14,B
TC-CON-0982,12,0,0,12,0.448717948717949,1.07939571980522,2.4055104612802,33,Y,1.4,5,8,0,False,R-Z68,B
WB-BRG-0500,7,0,0,7,0.538461538461538,1.1437607204341,2.12412705223476,41,Y,1.3,1,3,0,False,R-Z62,E
AD-BRG-0273,2,3,0,5,0.192307692307692,0.701292673847417,3.64672190400657,16,Z,1.1,2,4,0,False,R-E25,E
WB-CON-0490,4,6,0,10,0.211538461538462,0.691045168073417,3.26675897634706,17,Z,1.1,3,7,0,False,R-T65,E
TE-CON-0872,22,0,0,22,0.429487179487179,0.873348613003178,2.03346841236561,41,Y,1.4,8,12,0,False,R-Q79,B
VL-CON-0412,30,0,0,30,0.66025641025641,1.06859446347901,1.6184537505119,54,Y,2.7,8,15,0,False,R-I15,E
AD-BRG-0980,9,0,0,9,0.5,1.09249640141136,2.18499280282272,38,Y,1,3,5,0,False,R-Y88,E
WB-CON-0693,16,0,0,16,0.384615384615385,1.08039143719683,2.80901773671177,23,Z,1,5,8,0,False,R-D12,D
TC-CMP-0608,8,0,0,8,0.153846153846154,0.719801461460447,4.67870949949291,11,Z,1.6,5,8,0,False,R-E61,F
WB-BRG-0188,5,3,0,8,0.102564102564103,0.456910906533771,4.45488133870426,9,Z,1.3,4,6,0,False,R-E43,E
TE-CON-0263,17,0,0,17,0.551282051282051,1.28663036672503,2.33388764196634,34,Y,1,6,9,0,False,R-F39,D
VL-CON-0770,7,4,0,11,0.211538461538462,0.709471546949221,3.35386549466905,17,Z,2.7,3,8,0,False,R-Q88,B
WA-CON-0410,10,0,0,10,0.544871794871795,1.14915367858515,2.10903498657981,38,Y,1.4,4,9,0,False,R-M62,D
WB-CON-0498,19,0,0,19,0.230769230769231,0.921752565259938,3.9942611161264,13,Z,1,7,11,0,False,R-P98,B
WB-CON-0822,7,4,0,11,0.435897435897436,1.0234633622797,2.34794536052402,33,Y,1,5,8,0,False,R-G52,D
WB-CON-0934,11,0,0,11,0.5,1.03798812846714,2.07597625693427,40,Y,1,4,7,0,False,R-D59,D
TC-CON-0907,3,5,0,8,0.461538461538462,0.986257935146886,2.13689219281825,38,Y,1,4,6,0,False,R-H20,B
WA-CON-0829,17,0,0,17,0.557692307692308,1.19806502389847,2.14825452561104,39,Y,1,7,10,0,False,R-P74,B
VL-CON-0594,9,0,0,9,0.371794871794872,0.895997902632545,2.40992539328753,29,Y,1,4,7,0,False,R-M98,B
WA-CON-0456,14,0,0,14,0.115384615384615,0.507511810910248,4.39843569455548,10,Z,1.4,7,11,0,False,R-I03,E
WB-CON-0992,9,0,1,8,0.794871794871795,1.2006339654288,1.51047498876526,62,Y,1,5,8,0,False,R-F05,F
WB-CON-0341,5,0,1,4,0.807692307692308,1.12516885967359,1.39306620721492,62,Y,1,3,5,5,True,R-E54,B
TC-CON-0388,7,0,0,7,0.532051282051282,1.20439984677082,2.26369127826805,36,Y,1,4,7,0,False,R-S87,F
VL-CON-0513,12,0,0,12,0.185897435897436,0.777128603792251,4.18041593764107,12,Z,1,8,11,0,False,R-Y09,D
VL-CON-0112,18,0,0,18,0.352564102564103,1.12338478846792,3.18632776365448,20,Z,1,9,13,0,False,R-C20,B
TC-CON-0394,8,3,0,11,0.602564102564103,1.20578972745338,2.00109784556093,40,Y,1.1,6,9,0,False,R-Y61,B
AD-CON-0762,4,7,1,10,0.237179487179487,0.827839625166532,3.49035085205349,18,Z,1,5,8,0,False,R-L35,D
WA-BRG-0697,2,3,0,5,0.602564102564103,1.20042727435928,1.99219845531965,43,Y,1,2,4,0,False,R-Z82,E
TE-BLT-0717,9,0,0,9,0.538461538461538,1.10940039245046,2.06031501455085,40,Y,1,4,6,0,False,R-Y88,E
WA-BLT-0849,2,4,0,6,0.685897435897436,1.43596426938874,2.09355538340788,43,Y,1,3,5,0,False,R-C32,B
AD-CMP-0746,11,0,0,11,0.628205128205128,1.34508879053583,2.14116174819989,39,Y,1,4,6,0,False,R-C13,B
AD-CON-0280,19,0,0,19,0.153846153846154,0.673496855886007,4.37772956325905,10,Z,1.1,8,11,0,False,R-S89,D
TC-CON-0857,20,0,1,19,0.487179487179487,1.05639178635873,2.16838314042055,37,Y,1.1,8,12,0,False,R-I68,B
AD-CON-0354,24,0,0,24,0.378205128205128,0.8059692519385,2.13103734410858,36,Y,1,9,13,0,False,R-Q98,B
WB-CON-0118,8,6,0,14,0.538461538461538,1.23593827690448,2.29531394282261,40,Y,1.4,10,15,7,True,R-M56,B
VL-BRG-0283,8,0,0,8,0.641025641025641,1.26464947559096,1.9728531819219,46,Y,1,2,4,0,False,R-C92,E
VL-CON-0001,10,0,0,10,0.756410256410256,1.11512646395098,1.47423498624027,63,Y,1,5,8,0,False,R-I67,F
AD-CON-0902,15,0,0,15,0.173076923076923,0.701734822982728,4.05446786612243,14,Z,1.4,4,9,0,False,R-B76,D
WA-CON-0466,20,0,0,20,0.333333333333333,1.10326982242572,3.30980946727715,20,Z,1.6,6,11,0,False,R-L09,F
WA-CON-0939,3,6,0,9,0.532051282051282,1.09202311091503,2.05247717232222,39,Y,1.1,4,8,0,False,R-S40,B
WA-CMP-0368,4,0,0,4,0.58974358974359,1.32407871743286,2.24517695564702,40,Y,1,2,4,0,False,R-E11,E
WB-BLT-0401,11,0,1,10,0.557692307692308,1.19806502389847,2.14825452561104,38,Y,1.4,6,9,0,False,R-B88,B
VL-CON-0976,19,0,1,18,0.192307692307692,0.643732910105853,3.34741113255043,16,Z,1,9,13,0,False,R-S38,D
TE-BRG-0477,5,0,0,5,0.166666666666667,0.609953285713495,3.65971971428097,13,Z,1.3,3,5,0,False,R-H05,VER
WB-CON-0365,6,2,0,8,0.608974358974359,1.19446961072737,1.96144483445758,44,Y,1,4,7,0,False,R-T90,D
VL-BLT-0648,5,0,0,5,0.512820512820513,1.09831060585399,2.14170568141527,38,Y,1,3,5,0,False,R-Z70,B
TC-CON-0607,18,0,0,18,0.134615384615385,0.557489053403753,4.14134725385645,12,Z,1.4,11,16,0,False,R-E60,D
VL-CON-0900,25,0,0,25,0.756410256410256,1.41134479393875,1.86584565978343,46,Y,1.6,7,12,0,False,R-T77,B
VL-CON-0704,16,0,0,16,0.141025641025641,0.695132551283872,4.92912172728564,9,Z,1,6,10,0,False,R-E77,F
WA-BRG-0964,12,0,0,12,0.435897435897436,1.11978965294027,2.56892920380415,30,Z,2.7,6,10,0,False,R-Y40,D
TE-CON-0521,5,7,0,12,0.282051282051282,0.91436473131312,3.24183859283742,19,Z,1.4,6,11,0,False,R-P96,D
TE-CON-0826,9,6,0,15,0.320512820512821,1.18041643546881,3.68289927866269,16,Z,1,9,13,0,False,R-C56,D
WA-CON-0520,11,0,0,11,0.346153846153846,1.21099184171273,3.498420876059,17,Z,1,8,11,0,False,R-H98,D
WA-CMP-0549,18,0,0,18,0.807692307692308,1.18656666338227,1.46908253561614,62,Y,2.7,6,10,0,False,R-H91,B
TC-BRG-0797,4,0,0,4,0.519230769230769,1.0062460024118,1.93795526390421,44,Y,1,2,4,0,False,R-P33,D
TE-CON-0431,7,0,0,7,0.5,1.17775072667927,2.35550145335854,35,Y,1,3,5,0,False,R-F88,B
VL-CON-0396,16,0,0,16,0.557692307692308,1.12588536983343,2.01882893901167,39,Y,1,5,8,0,False,R-T40,E
TC-CON-0187,15,0,1,14,0.423076923076923,0.950642984704166,2.24697432748257,35,Y,1,5,8,0,False,R-A59,E
VL-BLT-0205,5,4,0,9,0.878205128205128,1.32149938653739,1.50477302408637,59,Y,1,4,6,0,False,R-T41,E
TC-BLT-0004,2,3,0,5,0.538461538461538,1.10356966475288,2.04948652025535,38,Y,1,2,4,0,False,R-P45,D
WA-CON-0997,5,0,0,5,0.243589743589744,0.952902492197424,3.91191549428416,15,Z,1,2,5,0,False,R-L63,D
TC-CON-0766,10,0,0,10,0.641025641025641,1.13563236866411,1.77158649511601,49,Y,1.1,4,7,0,False,R-F60,B
WA-BLT-0832,11,0,0,11,0.564102564102564,1.19773704464812,2.12326112460349,41,Y,1.1,4,6,0,False,R-G05,E
WB-CON-0526,4,5,0,9,0.282051282051282,1.20640693821736,4.27726096277065,13,Z,1,4,7,0,False,R-M45,B
TC-CON-0753,3,7,0,10,0.275641025641026,0.980939102044027,3.5587558120667,18,Z,1.1,4,7,0,False,R-L10,D
TE-CON-0810,15,0,0,15,0.743589743589744,1.14086438577635,1.53426589811302,60,Y,1.4,5,9,0,False,R-M53,B
VL-CON-0589,12,0,0,12,0.294871794871795,0.945058105180353,3.20497966104642,21,Z,1,5,7,0,False,R-G31,B
VL-BRG-0767,11,0,0,11,0.243589743589744,1.32651274508083,5.44568390085813,9,Z,1.4,4,6,0,False,R-Z02,D
WA-CON-0048,8,0,0,8,0.557692307692308,1.15975739740847,2.07956498845657,40,Y,1.4,4,8,0,False,R-Q77,B
TC-CON-0469,7,0,0,7,0.294871794871795,1.04244098598619,3.53523464812707,16,Z,1,3,6,0,False,R-N39,E
TC-CON-0683,5,5,0,10,0.455128205128205,0.925223242235911,2.03288487026482,38,Y,1.4,3,7,0,False,R-B96,B
WB-CON-0812,3,3,0,6,0.519230769230769,1.10407546402995,2.12636756035398,36,Y,1,3,5,0,False,R-P46,B
VL-BLT-0991,11,0,0,11,0.314102564102564,1.00838092635598,3.21035560227618,20,Z,1.4,5,8,0,False,R-Y17,D
VL-CON-0352,9,0,0,9,0.794871794871795,1.09966533746642,1.38344994068357,66,Y,1,5,8,0,False,R-H95,B
WB-CON-0677,4,4,1,7,0.237179487179487,1.06626982899343,4.49562414386418,12,Z,1.1,4,8,6,True,R-B60,B
TC-CON-0056,18,0,0,18,0.217948717948718,0.821445396413339,3.76898476001414,14,Z,1.3,8,12,0,False,R-P35,E
VL-CON-0544,5,5,0,10,0.307692307692308,0.954550288409017,3.1022884373293,20,Z,1,3,7,0,False,R-T70,B
WA-CON-0272,17,0,0,17,0.371794871794872,0.796912985236185,2.14342113270422,34,Y,1,9,12,0,False,R-G74,E
WA-BLT-0233,7,0,0,7,0.448717948717949,1.14888373198129,2.56036945984401,34,Z,2.7,2,7,0,False,R-I96,B
WB-CON-0245,12,0,0,12,0.307692307692308,1.17289487258407,3.81190833589822,16,Z,1,6,8,0,False,R-B63,B
WB-CON-0301,4,4,0,8,0.487179487179487,1.03790843953927,2.13044363905428,36,Y,1,4,7,0,False,R-S94,E
AD-CMP-0874,8,0,0,8,0.865384615384615,1.15332080678998,1.33272626562398,69,Y,1.4,3,5,0,False,R-E93,D
VL-CON-0924,9,6,0,15,0.480769230769231,1.2206352330686,2.53892128478269,31,Z,2.7,6,14,0,False,R-D20,B
TC-BLT-0409,4,0,0,4,0.365384615384615,1.63069958650857,4.46296728939186,17,Z,1.4,2,4,0,False,R-D68,B
TC-CON-0474,11,0,0,11,0.455128205128205,1.07968304021522,2.37226132779681,38,Y,1,3,6,0,False,R-Y12,B
TC-CON-0072,4,5,0,9,0.243589743589744,0.806200126213728,3.3096636760353,17,Z,1.3,3,7,0,False,R-Y10,E
WB-BRG-0140,5,4,0,9,0.429487179487179,1.60688911831036,3.74141346949875,17,Z,1.1,4,6,0,False,R-A22,B
TC-CON-0825,11,0,0,11,0.608974358974359,1.17266565896908,1.92564045051765,46,Y,1,4,7,0,False,R-Z50,E
VL-CON-0792,18,0,0,18,0.185897435897436,0.725609751859347,3.90328004448476,13,Z,1,6,9,0,False,R-Q64,F
TC-CON-0630,3,5,0,8,0.641025641025641,0.943218361121989,1.4714206433503,59,Y,1,3,6,0,False,R-S29,D
TE-BRG-0020,4,2,0,6,0.192307692307692,0.745873677926978,3.87854312522029,16,Z,1.3,5,7,4,True,R-N36,F
WA-CON-0667,4,5,0,9,0.403846153846154,1.23277209862424,3.05257852992668,22,Z,1.4,4,7,0,False,R-C52,B
WB-CON-0507,5,4,0,9,0.243589743589744,0.773528112146691,3.17553646039168,19,Z,1,3,6,0,False,R-N07,VER
WA-CON-0017,11,0,1,10,0.807692307692308,1.18656666338227,1.46908253561614,62,Y,1,3,6,0,False,R-M33,B
TC-CON-0515,7,0,1,6,0.66025641025641,1.03796820680873,1.57206835205983,55,Y,1.3,3,6,0,False,R-F79,D
TC-CON-0937,6,0,1,5,0.66025641025641,1.01915078419554,1.5435681780049,59,Y,1,3,6,3,True,R-M58,D
TC-CON-0552,14,0,0,14,0.544871794871795,1.0244932576988,1.88024644942369,47,Y,1,5,8,0,False,R-B46,B
VL-CON-0389,10,0,0,10,0.416666666666667,0.842104378890311,2.02105050933675,40,Y,1.1,5,9,0,False,R-B29,D
TC-CON-0168,13,0,0,13,0.628205128205128,1.31599563053471,2.09485018738178,40,Y,1,7,10,0,False,R-D81,E
VL-BLT-0882,6,4,0,10,0.673076923076923,1.01067503177387,1.50157433292118,60,Y,1.4,4,7,0,False,R-C13,B
WA-BLT-0645,7,0,0,7,0.467948717948718,1.03125274143055,2.2037729816872,38,Y,1.3,4,6,0,False,R-I39,B
WA-BRG-0587,9,0,0,9,0.320512820512821,1.20207980781257,3.75048900037522,16,Z,1,5,7,0,False,R-S29,E
AD-CON-0360,4,7,0,11,0.435897435897436,0.958355359907978,2.1985799433183,36,Y,1.1,5,8,0,False,R-M32,D
WA-CON-0781,7,4,1,10,0.294871794871795,1.06084536417105,3.59764949588443,15,Z,1,6,9,0,False,R-B47,VER
VL-CON-0297,5,4,1,8,0.67948717948718,1.07755505502446,1.58583574135675,54,Y,1.6,3,7,0,False,R-Q84,E
WB-CON-0955,3,3,0,6,0.493589743589744,1.17773316914341,2.38605681021262,36,Y,1,4,7,5,True,R-M27,F
TC-CON-0294,13,0,0,13,0.391025641025641,1.30791001934121,3.34481906585622,18,Z,1,6,9,0,False,R-C81,E
TC-CON-0994,6,0,0,6,0.455128205128205,0.99250708110222,2.18071978383023,37,Y,1,3,5,0,False,R-N56,B
TE-CON-0612,6,0,0,6,0.628205128205128,1.29125070011759,2.05546029814637,42,Y,1.4,2,5,0,False,R-S80,B
WB-CMP-0897,4,4,0,8,0.173076923076923,0.654152606625046,3.7795483938336,14,Z,1.3,3,5,0,False,R-E59,F
WB-CON-0726,10,0,0,10,0.557692307692308,1.09096219511322,1.95620807399612,41,Y,1.6,3,7,0,False,R-F19,D
WB-BLT-0664,4,4,0,8,0.153846153846154,0.634022958308712,4.12114922900663,10,Z,1,4,6,0,False,R-E03,B
TC-CON-0451,10,0,0,10,0.282051282051282,0.698337858844213,2.47592513590221,29,Y,2.7,3,8,0,False,R-A58,F
TC-CMP-0800,8,0,0,8,0.185897435897436,0.689127425638812,3.70703028964327,14,Z,1,3,5,0,False,R-F15,E
TC-CON-0345,6,5,1,10,0.66025641025641,1.01280061962853,1.53395045302962,55,Y,1,5,8,0,False,R-B61,D
TC-BLT-0725,5,0,0,5,0.416666666666667,1.3863776580545,3.32730637933081,20,Z,1,1,3,0,False,R-C64,D
TC-CON-0509,13,0,0,13,0.544871794871795,1.18235930742076,2.16997708185457,43,Y,1.1,6,9,0,False,R-Y25,B
WB-CON-0189,6,11,0,17,0.826923076923077,1.09050720095513,1.31875289417829,72,Y,1.3,7,11,0,False,R-N18,B
WB-BLT-0732,1,1,0,2,0.147435897435897,0.707603745312643,4.79939931603358,11,Z,1,1,2,0,False,R-S80,B
WA-BRG-0278,9,0,0,9,0.224358974358974,0.667916528962173,2.9769993862314,20,Z,1.4,2,4,0,False,R-H60,D
VL-CON-0720,4,4,0,8,0.198717948717949,0.798546031919964,4.01848970901659,15,Z,1,3,6,0,False,R-Q89,E
AD-CON-0088,15,0,0,15,0.314102564102564,1.26391346773775,4.02388777483855,16,Z,1,5,8,0,False,R-Y93,E
WB-HYD-0928,4,0,0,4,0.0833333333333333,0.439329890501628,5.27195868601953,8,Z,1,2,3,0,False,R-H79,F
TC-CON-0985,7,0,0,7,0.480769230769231,1.03157351681571,2.14567291497668,41,Y,1,3,7,0,False,R-Q50,D
WA-CON-0637,6,4,1,9,0.67948717948718,1.05333375213318,1.55018929559223,58,Y,1.4,5,10,7,True,R-G03,F
TC-CON-0654,9,0,0,9,0.301282051282051,1.18277896822516,3.92581955410903,15,Z,1,5,9,0,False,R-N53,B
VL-CON-0899,7,0,0,7,0.307692307692308,0.884383398214383,2.87424604419675,24,Z,1.1,4,6,0,False,R-C20,D
VL-CON-0661,9,0,0,9,0.865384615384615,1.32512464884915,1.53125514978124,63,Y,1,3,6,0,False,R-Q15,D
TC-CAB-0291,7,0,0,7,0.0769230769230769,0.47571286458171,6.18426723956223,6,Z,1,2,3,0,False,R-Q71,B
TC-BRG-0110,6,0,0,6,0.0384615384615385,0.251052375581988,6.5273617651317,4,Z,1,2,3,0,False,R-Y84,E
WB-PNE-0100,3,0,0,3,0.0512820512820513,0.296100937342522,5.77396827817917,5,Z,1,2,3,0,False,R-D09,E
VL-CMP-0367,8,0,0,8,0.0448717948717949,0.307811184645533,6.8597921149576,4,Z,1.1,2,4,0,False,R-F48,F
WA-CMP-0176,5,0,0,5,0.153846153846154,0.788251197507627,5.12363278379958,9,Z,1.4,2,3,0,False,R-B88,VER
WB-CMP-0590,6,0,0,6,0.0576923076923077,0.363502400318376,6.30070827218518,6,Z,1,2,3,0,False,R-H11,D
TC-SNS-0853,4,0,0,4,0.358974358974359,0.915449601852469,2.55018103373188,27,Z,1.6,2,3,0,False,R-P81,PALLET
VL-HYD-0709,5,0,0,5,0.0641025641025641,0.334654124374891,5.2206043402483,6,Z,1.4,2,3,0,False,R-H21,E
TC-BLT-0426,3,0,0,3,0.0448717948717949,0.365318221297873,8.14137750320974,3,Z,1,2,3,0,False,R-Z94,B
VL-CAB-0747,3,0,0,3,0.333333333333333,0.805892279148645,2.41767683744594,26,Y,1.4,2,3,0,False,R-Z95,B
WA-PNE-0175,6,0,1,5,0.0833333333333333,0.35846146746326,4.30153760955912,10,Z,1,2,3,0,False,R-F32,PALLET
AD-PNE-0068,1,2,1,2,0.0128205128205128,0.160128153805087,12.4899959967968,1,Z,1.1,2,3,3,True,R-M45,E
TE-CMP-0391,2,2,0,4,0.17948717948718,0.606280883346979,3.37785063579031,17,Z,1.6,2,4,0,False,R-A41,E
TC-BLT-0534,7,0,0,7,0.0961538461538462,0.436686144824731,4.5415359061772,9,Z,1,2,3,0,False,R-H11,B
VL-BLT-0163,2,2,0,4,0.108974358974359,0.585565268103619,5.37342246024498,8,Z,1,3,4,0,False,R-I17,VER
VL-CON-0423,13,0,0,13,0.198717948717949,0.676040386223188,3.40200968551024,17,Z,1,5,7,0,False,R-N46,D
TE-BLT-0173,9,0,0,9,0.0641025641025641,0.540960760362013,8.43898786164741,3,Z,1.1,4,6,0,False,R-S80,E
VL-BLT-0871,3,3,0,6,0.0512820512820513,0.296100937342522,5.77396827817917,5,Z,1,3,5,0,False,R-A74,D
VL-SNS-0794,2,0,0,2,0.0256410256410256,0.252694331445618,9.85507892637909,2,Z,1,1,2,0,False,R-H32,B
WB-BLT-0511,7,0,0,7,0.288461538461538,0.727431321530373,2.52176191463863,27,Z,1,3,4,0,False,R-Z97,VER
TC-CMP-0380,4,0,0,4,0.301282051282051,0.860756395007747,2.85697867279167,26,Z,1.1,2,3,0,False,R-B97,B
VL-BLT-0622,13,0,0,13,0.25,0.750268769046434,3.00107507618574,21,Z,1,4,6,0,False,R-A77,B
WB-BRG-0519,7,0,0,7,0.16025641025641,0.616930956264437,3.84964916709009,14,Z,1,2,4,0,False,R-A77,E
VL-CON-0584,7,4,0,11,0.0833333333333333,0.567488335345043,6.80986002414052,5,Z,2.7,3,8,0,False,R-G66,B
WB-BLT-0948,2,4,0,6,0.0576923076923077,0.305653918047628,5.29800124615888,6,Z,1.4,2,4,0,False,R-F90,B
WB-CON-0935,13,0,0,13,0.711538461538462,1.06564907002571,1.49766896327937,60,Y,1.4,5,8,0,False,R-Q15,B
VL-PNE-0203,4,0,0,4,0.0512820512820513,0.421898501704238,8.22702078323265,4,Z,1.4,2,3,0,False,R-B44,PALLET
VL-BRG-0381,2,4,0,6,0.198717948717949,0.925759474056192,4.65866057912148,10,Z,1,1,3,0,False,R-Y75,E
TE-BRG-0323,18,0,0,18,0.134615384615385,0.672851787941431,4.99832756756491,11,Z,2.7,5,9,0,False,R-C06,VER
WB-CAB-0081,7,0,0,7,0.0897435897435897,0.430630368732597,4.79845268016323,8,Z,1.4,2,3,0,False,R-I06,E
WA-CMP-0842,8,0,0,8,0.224358974358974,0.53969785990261,2.40551046128021,26,Y,1.4,4,6,0,False,R-I95,D
WB-SNS-0434,4,0,1,3,0.0576923076923077,0.305653918047628,5.29800124615888,6,Z,2.7,2,4,3,True,R-I76,B
WA-BLT-0216,5,0,0,5,0.0641025641025641,0.477621623483684,7.45089732634546,4,Z,1,2,3,0,False,R-H72,B
VL-CMP-0289,3,0,0,3,0.0384615384615385,0.251052375581988,6.5273617651317,4,Z,1,1,2,0,False,R-Z92,F
WA-CAB-0124,7,0,0,7,0.256410256410256,0.680339525026646,2.65332414760392,23,Z,1.4,2,3,0,False,R-S07,B
WB-CON-0808,16,0,0,16,0.673076923076923,1.30588475279906,1.94017163273003,45,Y,1.3,5,9,0,False,R-M84,F
WB-CON-0714,10,0,0,10,0.403846153846154,1.19016857658686,2.94708409440556,20,Z,1,4,7,0,False,R-T04,F
TC-CAB-0966,5,0,0,5,0.0897435897435897,0.399544819590831,4.45207084686926,9,Z,1,2,3,0,False,R-F58,ORANGE
TC-CMP-0532,9,0,0,9,0.0833333333333333,0.453777454810862,5.44532945773034,7,Z,1.4,2,4,0,False,R-C41,PALLET
VL-SNS-0416,1,1,0,2,0.0641025641025641,0.334654124374891,5.2206043402483,7,Z,1.3,1,2,0,False,R-L14,PALLET
AD-PNE-0379,2,3,0,5,0.166666666666667,0.530773426338892,3.18464055803335,16,Z,1.4,2,3,0,False,R-M82,D
WB-CMP-0351,6,0,0,6,0.0448717948717949,0.236723568690428,5.27555381652954,6,Z,1,2,3,0,False,R-N87,E
AD-CON-0779,6,3,0,9,0.108974358974359,0.527608334067048,4.84158235967409,9,Z,1,5,8,0,False,R-N13,E
WA-CON-0953,3,4,0,7,0.429487179487179,1.02932598985111,2.39663961816079,29,Y,1,3,6,0,False,R-P19,D
WA-CON-0424,2,2,0,4,0.570512820512821,1.11940179581763,1.96209752974776,43,Y,1,2,4,0,False,R-Q45,B
WA-CMP-0084,3,0,0,3,0.0576923076923077,0.443452504863237,7.6865100842961,4,Z,1.4,2,3,0,False,R-H93,E
AD-BRG-0029,3,3,0,6,0.185897435897436,0.716663300432589,3.85515430577531,13,Z,1,2,4,0,False,R-N82,B
WA-CAB-0547,3,0,0,3,0.0448717948717949,0.286084776921868,6.37560359997306,5,Z,1,2,3,0,False,R-F18,B
WA-HYD-0287,5,0,0,5,0.282051282051282,0.817508976333252,2.89844091609062,22,Z,1.4,1,2,0,False,R-E96,PALLET
WB-PNE-0308,5,0,1,4,0.153846153846154,0.964892413550365,6.27180068807737,9,Z,1,2,3,0,False,R-I59,E
WB-CMP-0518,3,0,0,3,0.121794871794872,0.524778893138062,4.30871091208093,10,Z,1.3,1,2,0,False,R-C28,E
TC-BLT-0873,2,1,0,3,0.185897435897436,0.542449488410906,2.91800414455522,20,Z,1.3,1,3,0,False,R-L35,PALLET
WA-SNS-0858,5,0,0,5,0.0448717948717949,0.236723568690428,5.27555381652954,6,Z,1.4,2,3,0,False,R-S97,ORANGE
AD-CON-0030,9,0,0,9,0.474358974358974,0.883166721181687,1.86181092573437,43,Y,1,4,6,0,False,R-G76,D
TE-SNS-0772,4,0,0,4,0.134615384615385,0.653393508479444,4.85378034870444,9,Z,1,1,2,0,False,R-Y94,VER
WA-BRG-0625,2,0,0,2,0.333333333333333,0.837302375977284,2.51190712793185,31,Z,1,1,2,0,False,R-E04,B
WA-BRG-0758,3,0,0,3,0.275641025641026,0.791680270659311,2.87214237727564,23,Z,1,1,2,0,False,R-N20,D
TC-HYD-0617,5,0,0,5,0.282051282051282,0.716576734696308,2.540590241196,28,Z,1.1,2,3,0,False,R-Z49,PALLET
TC-SNS-0738,5,0,1,4,0.0512820512820513,0.355507303039579,6.93239240927178,4,Z,1.1,2,3,0,False,R-I36,D
WA-BLT-0230,4,0,0,4,0.0512820512820513,0.436922843928688,8.51999545660942,3,Z,1,1,2,0,False,R-B66,D
WB-CON-0621,8,0,0,8,0.576923076923077,1.06582369502811,1.84742773804873,47,Y,1,3,6,0,False,R-S34,B
WB-CON-0958,10,0,0,10,0.602564102564103,1.20578972745338,2.00109784556093,42,Y,1.1,7,10,0,False,R-D06,B
TC-PNE-0765,5,0,0,5,0.358974358974359,0.794730369766136,2.21389174434852,34,Y,1.4,2,3,0,False,R-G42,D
WB-BRG-0198,3,5,0,8,0.102564102564103,0.522765440271036,5.0969630426426,8,Z,1,4,6,0,False,R-N03,VER
WB-BLT-0942,6,0,0,6,0.487179487179487,1.0924206887115,2.24233720314465,36,Y,1,3,5,0,False,R-P18,PALLET
WA-BLT-0113,11,0,0,11,0.275641025641026,0.723555004474149,2.62499024878994,25,Z,1.4,2,5,0,False,R-H21,E
TC-BLT-0523,5,0,0,5,0.0448717948717949,0.286084776921868,6.37560359997306,4,Z,1.1,2,3,0,False,R-S97,VER
TC-BRG-0254,6,2,0,8,0.0512820512820513,0.373213971229543,7.2776724389761,4,Z,2.7,4,7,0,False,R-C26,F
TC-BLT-0830,8,3,0,11,0.0769230769230769,0.461951841345052,6.00537393748568,5,Z,1.6,6,9,0,False,R-H94,E
TC-BRG-0384,7,0,0,7,0.224358974358974,0.648310140324809,2.88961091116201,22,Z,1,2,4,0,False,R-L44,D
TC-BLT-0221,8,0,0,8,0.108974358974359,0.574441865990643,5.27134888791414,8,Z,1.1,2,4,0,False,R-Q78,D
WB-PNE-0790,3,0,0,3,0.314102564102564,0.90734982533848,2.88870556638373,30,Z,1.1,1,2,0,False,R-B37,B
AD-CMP-0013,5,0,0,5,0.275641025641026,0.799788019888802,2.901556537271,21,Z,2.7,2,5,0,False,R-E38,ORANGE
VL-PNE-0530,1,1,0,2,0.0641025641025641,0.435215737077412,6.78936549840762,6,Z,1,1,2,0,False,R-P41,F
TE-SNS-0237,5,0,0,5,0.275641025641026,0.69629172555778,2.52608160900032,26,Z,1,2,3,0,False,R-S14,VER
TE-BRG-0096,5,0,0,5,0.0384615384615385,0.298049906724131,7.7492975748274,3,Z,1,1,3,0,False,R-G89,D
WA-BLT-0270,9,0,0,9,0.0961538461538462,0.598695853138935,6.22643687264492,7,Z,1,2,4,0,False,R-B70,E
TC-BRG-0596,4,3,0,7,0.0961538461538462,0.576741079647404,5.998107228333,6,Z,1,3,5,0,False,R-Y89,D
AD-BLT-0432,5,0,0,5,0.0320512820512821,0.210065175596398,6.55403347860763,4,Z,1,1,3,0,False,R-B35,B
TC-BLT-0026,3,0,0,3,0.0705128205128205,0.361219788104756,5.12275335857654,7,Z,1.6,1,3,0,False,R-E05,D
VL-BRG-0292,2,0,0,2,0.153846153846154,0.746206286049609,4.85034085932246,9,Z,1.6,1,2,0,False,R-A40,D
TC-CMP-0043,6,0,0,6,0.0641025641025641,0.516557927669825,8.05830367164927,4,Z,1.1,2,3,0,False,R-N56,E
TC-SNS-0620,2,3,0,5,0.0961538461538462,0.478961863305671,4.98120337837898,8,Z,1,2,3,0,False,R-D45,PALLET
WB-CMP-0846,2,0,0,2,0.141025641025641,0.798779051760776,5.66406963975823,9,Z,1,1,2,0,False,R-S31,VER
TC-BLT-0643,7,0,0,7,0.230769230769231,0.670542908070226,2.90568593497098,20,Z,1,2,4,0,False,R-M10,D
WA-CON-0090,8,0,1,7,0.288461538461538,1.2128857371634,4.20467055549977,17,Z,1.1,3,6,0,False,R-C14,B
TE-BRG-0481,2,2,0,4,0.0320512820512821,0.210065175596399,6.55403347860763,4,Z,1.1,2,3,0,False,R-T74,E
VL-BLT-0783,4,0,0,4,0.0769230769230769,0.385854084713155,5.01610310127101,7,Z,1,3,4,0,False,R-L76,B
TC-BRG-0869,4,0,0,4,0.17948717948718,0.562106401214385,3.13173566390872,18,Z,1,2,3,0,False,R-I01,B
VL-CMP-0383,6,0,0,6,0.115384615384615,0.520068710864104,4.50726216082223,9,Z,1,2,3,0,False,R-E20,E
AD-CAB-0317,3,0,0,3,0.17948717948718,0.606280883346979,3.37785063579031,15,Z,1,2,3,0,False,R-H43,B
WA-BLT-0016,10,0,0,10,0.185897435897436,0.969233066810989,5.21380546284532,7,Z,2.7,3,5,0,False,R-N01,F
AD-BLT-0184,3,3,0,6,0.211538461538462,0.57931678764442,2.73858845068271,22,Z,1,3,4,0,False,R-M37,B
WA-PNE-0627,2,2,0,4,0.275641025641026,0.705496557671746,2.55947588364633,28,Z,1,2,3,0,False,R-S76,D
TE-BLT-0517,3,3,0,6,0.185897435897436,0.630457971580078,3.39142908849973,17,Z,1.4,2,4,0,False,R-E49,E
VL-CMP-0848,8,0,0,8,0.0576923076923077,0.397417219871163,6.88856514443349,4,Z,1.4,3,5,0,False,R-Y44,PALLET
WB-BRG-0445,2,0,0,2,0.0256410256410256,0.15857095486057,6.18426723956222,4,Z,1,1,2,0,False,R-S79,B
VL-CMP-0757,3,0,0,3,0.121794871794872,0.593980000944408,4.87688842880672,9,Z,1.1,1,2,0,False,R-F61,D
WB-BLT-0680,5,0,0,5,0.141025641025641,0.626806735133936,4.44462957640427,9,Z,1,3,5,0,False,R-Z78,B
VL-CMP-0557,11,0,1,10,0.269230769230769,0.781612508947957,2.90313217609241,22,Z,1.6,3,5,0,False,R-B73,D
WB-HYD-0397,5,0,0,5,0.102564102564103,0.546891357725347,5.33219073782213,7,Z,1,2,3,0,False,R-E20,PALLET
TC-BLT-0662,7,0,0,7,0.0384615384615385,0.298049906724131,7.7492975748274,3,Z,1.3,2,4,0,False,R-A35,D
VL-CON-0497,7,0,0,7,0.173076923076923,1.10811354686889,6.40243382635357,10,Z,1,2,4,0,False,R-F59,B
VL-CMP-0101,4,0,0,4,0.0384615384615385,0.251052375581989,6.5273617651317,4,Z,1,2,3,0,False,R-E33,PALLET
WA-BLT-0034,7,0,1,6,0.0512820512820513,0.436922843928688,8.51999545660942,3,Z,1,2,4,0,False,R-Y51,B
WB-BLT-0299,4,0,0,4,0.0128205128205128,0.112861861736257,8.80322521542806,2,Z,1.1,2,4,0,False,R-Q12,D
WA-BRG-0349,2,3,0,5,0.0961538461538462,0.679457527015022,7.06635828095623,7,Z,1.4,3,5,0,False,R-L20,D
TC-CAB-0705,6,0,0,6,0.0576923076923077,0.363502400318376,6.30070827218519,5,Z,1,3,4,0,False,R-Z88,E
TC-BLT-0377,5,0,0,5,0.102564102564103,0.510274906041164,4.97518033390135,8,Z,1.6,2,4,0,False,R-M98,B
TC-CMP-0224,9,0,0,9,0.0448717948717949,0.328102043881684,7.31198840650609,3,Z,2.7,5,8,0,False,R-Z29,PALLET
WB-CAB-0142,4,0,0,4,0.378205128205128,1.0432143176211,2.75832938218461,26,Z,1,2,3,0,False,R-G95,B
VL-BRG-0993,3,0,2,1,0.108974358974359,0.489551709993593,4.4923568681765,9,Z,1,2,3,4,True,R-S43,D
TC-BRG-0348,4,0,0,4,0.0384615384615385,0.251052375581988,6.5273617651317,4,Z,1,2,3,0,False,R-Z23,B
VL-PNE-0414,1,3,0,4,0.41025641025641,0.921932016749083,2.24720929082589,34,Y,1.3,1,2,0,False,R-N38,D
TC-HYD-0172,5,0,0,5,0.25,0.73286886561891,2.93147546247564,21,Z,1,1,2,0,False,R-P52,VER
WA-CAB-0889,7,0,0,7,0.0256410256410256,0.195058897597224,7.60729700629176,3,Z,2.7,1,3,0,False,R-T50,B
AD-PNE-0843,5,0,0,5,0.108974358974359,0.58556526810362,5.37342246024498,7,Z,1,1,2,0,False,R-L08,VER
TC-BRG-0731,6,0,0,6,0.0769230769230769,0.489086858681551,6.35812916286016,6,Z,1,4,6,0,False,R-Z85,D
TC-CON-0406,13,0,0,13,0.788461538461538,1.19141886345172,1.51106782681681,61,Y,1,6,9,0,False,R-A08,E
TE-BRG-0890,6,0,1,5,0.0384615384615385,0.22388405365034,5.82098539490883,5,Z,1,2,3,0,False,R-F05,B
WB-HYD-0905,6,0,0,6,0.0961538461538462,0.45121836718859,4.69267101876134,9,Z,1,2,3,0,False,R-S86,VER
TC-BLT-0069,5,0,0,5,0.108974358974359,0.686963566190944,6.30390096034043,6,Z,1,2,3,0,False,R-S34,B
VL-SNS-0422,3,0,0,3,0.0833333333333333,0.481373482970891,5.7764817956507,6,Z,1,2,3,0,False,R-A55,D
VL-PNE-0540,5,0,0,5,0.0769230769230769,0.350823207722812,4.56070170039655,8,Z,1.1,2,3,0,False,R-M74,D
WA-CAB-0916,4,0,0,4,0.00641025641025641,0.0800640769025436,12.4899959967968,1,Z,1,1,2,0,False,R-Z82,PALLET
WA-CAB-0778,2,0,1,1,0.0897435897435897,0.415378488451582,4.62850315703191,8,Z,1.1,1,2,3,True,R-Y26,B
VL-CAB-0246,4,0,0,4,0.0576923076923077,0.326079044748843,5.65203677564661,6,Z,1,1,2,0,False,R-H47,D
TC-CMP-0095,4,0,0,4,0.115384615384615,0.578781127069732,5.01610310127101,8,Z,1.1,1,2,0,False,R-H76,VER
TE-CAB-0562,5,0,0,5,0.0705128205128205,0.342894312452093,4.86286479477514,8,Z,1,2,3,0,False,R-H89,B
TC-MTR-0969,3,0,0,3,0,0,,0,Z,1,1,2,0,False,R-Q68,D
VL-MTR-0923,3,0,0,3,0,0,,0,Z,1,1,2,0,False,R-A01,VER
WB-BRG-0022,7,0,0,7,0.0705128205128205,0.426723140389939,6.05170999098459,5,Z,1,2,3,0,False,R-T14,B
TC-CMP-0908,4,0,1,3,0.115384615384615,0.54431416997241,4.71738947309422,10,Z,1,2,3,0,False,R-T69,F
AD-SNS-0286,6,0,2,4,0.108974358974359,0.563098776056529,5.16725935675403,10,Z,2.7,2,4,0,False,R-I90,B
WA-CMP-0164,4,0,0,4,0.108974358974359,0.563098776056529,5.16725935675403,9,Z,1,1,2,0,False,R-B64,D
TC-BRG-0682,6,0,0,6,0.153846153846154,0.591922468264827,3.84749604372137,15,Z,1,2,3,0,False,R-F63,E
TC-BLT-0482,7,0,0,7,0.0641025641025641,0.463917222586894,7.23710867235555,4,Z,1.4,3,4,0,False,R-I33,B
WB-CAB-0713,3,0,0,3,0.0192307692307692,0.240192230707631,12.4899959967968,1,Z,1.1,1,2,0,False,R-I89,E
AD-CMP-0235,4,0,0,4,0.0897435897435897,0.430630368732597,4.79845268016323,8,Z,1,2,3,0,False,R-T13,F
TC-SNS-0834,4,0,0,4,0.0320512820512821,0.264450051259683,8.25084159930212,3,Z,1.1,2,3,0,False,R-I77,D
VL-BRG-0261,1,2,0,3,0.0897435897435897,0.525133406973822,5.85148653485116,6,Z,1.1,1,2,0,False,R-I75,B
WB-SNS-0967,2,0,1,1,0.115384615384615,0.494636242512564,4.28684743510889,10,Z,1,1,2,3,True,R-D98,E
WB-BLT-0240,4,4,0,8,0.391025641025641,1.03844622112895,2.65569853272323,30,Z,1.3,4,6,0,False,R-F04,B
WA-CON-0581,15,0,0,15,0.423076923076923,1.04132955670026,2.46132440674608,30,Y,1.1,4,7,0,False,R-F19,E
WA-CON-0157,16,7,0,23,0.717948717948718,1.10596547688563,1.54045191423356,59,Y,2.7,12,20,0,False,R-F98,D
TC-CON-0405,7,7,0,14,0.608974358974359,1.17266565896908,1.92564045051765,44,Y,1,7,10,0,False,R-Z13,F
AD-CON-0990,5,6,0,11,0.814102564102564,1.15733000384499,1.42160220944738,62,Y,1.3,6,10,0,False,R-I23,B
TC-CON-0970,16,0,0,16,0.878205128205128,1.11495956077657,1.26958898891347,72,Y,1,7,11,0,False,R-P75,B
WB-SNS-0018,1,3,0,4,0.0833333333333333,0.453777454810862,5.44532945773034,7,Z,1,2,3,0,False,R-A88,B
TC-CMP-0712,6,0,0,6,0.0576923076923077,0.305653918047628,5.29800124615888,6,Z,1.1,4,5,0,False,R-G89,F
WB-HYD-0833,1,1,0,2,0.0192307692307692,0.137777466491995,7.16442825758375,3,Z,1,1,2,0,False,R-S65,F
VL-BRG-0071,5,0,0,5,0.358974358974359,0.778325066418727,2.16819125645217,36,Y,1.6,2,3,0,False,R-N71,B
AD-HYD-0024,7,0,0,7,0.0448717948717949,0.262566703486911,5.85148653485116,5,Z,1.6,2,3,0,False,R-S21,VER
WA-SNS-0193,5,0,0,5,0.192307692307692,0.521973730835549,2.71426340034485,22,Z,1,1,2,0,False,R-A49,E
AD-SNS-0943,2,0,0,2,0.0897435897435897,0.572169553843736,6.37560359997306,6,Z,1.4,1,2,0,False,R-Y35,F
WB-SNS-0057,4,0,0,4,0.0769230769230769,0.562694686463003,7.31503092401904,4,Z,1,1,2,0,False,R-N90,E
WA-HYD-0467,5,0,1,4,0.211538461538462,1.07768937642512,5.094531597646,10,Z,2.7,2,4,0,False,R-M72,E
TC-BLT-0499,2,0,0,2,0.0576923076923077,0.283762386181492,4.91854802714587,7,Z,1.4,1,2,0,False,R-Q78,B
VL-CMP-0153,3,0,0,3,0.0576923076923077,0.428657087032312,7.43005617522675,3,Z,1.4,2,3,0,False,R-L66,D
TC-PNE-0302,2,3,0,5,0.108974358974359,0.433644985595181,3.97933045604989,11,Z,1.6,2,3,0,False,R-Q09,F
TE-CMP-0585,7,0,0,7,0.0384615384615385,0.192927042356577,5.01610310127101,6,Z,1.1,3,4,0,False,R-C85,F
TC-BRG-0954,5,4,0,9,0.0320512820512821,0.329611145185662,10.2838677297927,2,Z,1.4,4,6,0,False,R-H48,F
VL-SNS-0785,4,0,1,3,0.365384615384615,0.895051185860436,2.44961377182856,31,Y,1.4,2,3,0,False,R-B70,B
TC-SNS-0655,4,0,0,4,0.0705128205128205,0.378659426298748,5.37007913660042,7,Z,1.4,2,3,0,False,R-N05,E
TC-HYD-0105,4,0,0,4,0.0448717948717949,0.286084776921868,6.37560359997306,5,Z,2.7,1,3,0,False,R-B48,E
WA-PNE-0282,6,0,0,6,0.256410256410256,0.64128696079655,2.50101914710655,26,Z,1.4,2,3,0,False,R-E79,VER
TC-BRG-0218,6,0,0,6,0.0641025641025641,0.40448273904696,6.30993072913258,5,Z,1,2,3,0,False,R-N15,VER
VL-HYD-0306,4,0,0,4,0.0128205128205128,0.112861861736257,8.80322521542806,2,Z,1,1,2,0,False,R-M48,E
WB-BRG-0820,5,0,0,5,0.0769230769230769,0.41795912037271,5.43346856484523,7,Z,1.1,2,4,0,False,R-F46,E
TE-CMP-0138,2,4,0,6,0.224358974358974,0.686963566190945,3.06189475216535,20,Z,1,2,4,0,False,R-Z43,E
WB-CAB-0799,3,0,0,3,0.0641025641025641,0.516557927669825,8.05830367164928,3,Z,1,2,3,0,False,R-P21,B
VL-CMP-0793,7,0,1,6,0.0641025641025641,0.371214001047951,5.79093841634804,5,Z,1.4,2,4,0,False,R-M80,F
TC-PNE-0824,7,0,0,7,0.185897435897436,0.760343616543987,4.09012428209869,13,Z,1,3,4,0,False,R-S15,B
AD-BLT-0028,7,0,0,7,0.0128205128205128,0.112861861736257,8.80322521542806,2,Z,1.1,3,4,0,False,R-D75,D
WB-SNS-0227,2,0,0,2,0,0,,0,Z,1,1,2,0,False,R-S68,B
TC-PNE-0448,2,1,2,1,0,0,,0,Z,1.4,2,3,4,True,R-P86,B
TE-SNS-0492,2,0,0,2,0.0256410256410256,0.195058897597224,7.60729700629176,3,Z,1,1,2,0,False,R-B78,B
TC-HYD-0508,4,0,0,4,0.16025641025641,0.627301387375961,3.91436065722599,12,Z,1.1,1,2,0,False,R-D52,F
AD-PNE-0488,4,0,0,4,0.0448717948717949,0.365318221297873,8.14137750320974,3,Z,1.4,1,2,0,False,R-Q27,D
AD-BLT-0322,7,0,0,7,0.269230769230769,0.789823613188649,2.93363056327212,23,Z,1,3,4,0,False,R-S28,D
VL-BRG-0598,7,0,0,7,0.288461538461538,0.850120411847756,2.94708409440555,24,Z,1.4,3,5,0,False,R-C08,F
AD-BLT-0864,2,2,0,4,0.0769230769230769,0.402227050925566,5.22895166203236,8,Z,1,1,3,0,False,R-T36,ORANGE
AD-CMP-0089,2,2,0,4,0.0512820512820513,0.273445678862673,5.33219073782213,6,Z,1,2,3,0,False,R-Z02,ORANGE
TC-BLT-0127,2,2,0,4,0.0384615384615385,0.22388405365034,5.82098539490883,5,Z,1.1,4,6,4,True,R-Y77,B
WB-BLT-0366,4,0,0,4,0.0705128205128205,0.342894312452093,4.86286479477513,8,Z,1,2,3,0,False,R-D90,D
WA-CAB-0841,4,2,0,6,0.121794871794872,0.789797431913654,6.48465259887,6,Z,1.3,3,5,0,False,R-M07,E
WA-BRG-0888,5,0,0,5,0.16025641025641,0.514271108015304,3.2090517140155,18,Z,1.4,1,3,0,False,R-N74,B
VL-CON-0252,14,0,0,14,0.0448717948717949,0.286084776921868,6.37560359997306,5,Z,2.7,4,8,0,False,R-G13,B
AD-CMP-0215,3,0,0,3,0.269230769230769,0.860203680652691,3.19504224242428,21,Z,1,1,3,0,False,R-G63,E
TC-BRG-0870,3,3,0,6,0.0641025641025641,0.40448273904696,6.30993072913258,5,Z,2.7,3,6,0,False,R-Y42,B
TC-BRG-0156,3,3,0,6,0.166666666666667,0.962746965941783,5.7764817956507,6,Z,1.1,3,5,0,False,R-L56,F
WA-BRG-0569,4,0,1,3,0.128205128205128,0.619239374403987,4.8300671203511,8,Z,1,1,2,0,False,R-D84,D
VL-SNS-0425,2,0,0,2,0,0,,0,Z,1.1,1,2,0,False,R-D07,B
WB-SNS-0554,2,0,0,2,0.0192307692307692,0.137777466491995,7.16442825758375,3,Z,1.3,1,2,0,False,R-A44,E
WA-HYD-0618,4,0,0,4,0.00641025641025641,0.0800640769025436,12.4899959967968,1,Z,1,1,2,0,False,R-P47,E
WB-SNS-0894,3,0,0,3,0,0,,0,Z,1,1,2,0,False,R-P22,B
TC-PNE-0152,2,0,0,2,0,0,,0,Z,1,1,2,0,False,R-I26,B
WB-CMP-0659,7,0,0,7,0.0641025641025641,0.800640769025436,12.4899959967968,1,Z,1,3,5,0,False,R-I15,B
VL-BLT-0415,13,0,0,13,0.0384615384615385,0.22388405365034,5.82098539490883,5,Z,1.4,6,8,0,False,R-L88,B
VL-CMP-0715,7,0,0,7,0.17948717948718,0.501445388107149,2.79376716231126,21,Z,1,3,5,0,False,R-L72,F
TC-CMP-0300,3,0,0,3,0.243589743589744,0.594293235666235,2.43973012536665,27,Y,1,2,3,0,False,R-T49,D
WB-BRG-0267,4,0,0,4,0.0833333333333333,0.439329890501627,5.27195868601953,7,Z,1,2,3,0,False,R-E68,B
WB-BLT-0288,6,0,0,6,0.0641025641025641,0.449795468636897,7.0168093107356,5,Z,1.1,3,4,0,False,R-Z24,B
TC-BRG-0177,4,0,0,4,0.0769230769230769,0.502104751163977,6.5273617651317,5,Z,1,2,3,0,False,R-D60,B
AD-CAB-0212,4,0,0,4,0.0641025641025641,0.334654124374891,5.2206043402483,7,Z,1,1,2,0,False,R-G74,D
AD-BRG-0566,6,0,0,6,0.108974358974359,0.527608334067048,4.84158235967409,8,Z,1,2,3,0,False,R-Z19,D
TC-SNS-0457,5,0,0,5,0.17948717948718,0.526549075459099,2.93363056327212,21,Z,1,2,3,0,False,R-D74,PALLET
WA-CMP-0054,2,0,0,2,0.25,0.750268769046434,3.00107507618574,20,Z,1,1,2,0,False,R-A55,D
WA-PNE-0447,1,1,1,1,0.0512820512820513,0.436922843928688,8.51999545660942,3,Z,1.3,1,2,2,True,R-Z69,ORANGE
TE-BLT-0316,3,0,0,3,0.0320512820512821,0.210065175596399,6.55403347860763,4,Z,1.1,2,3,0,False,R-S49,D
WA-CMP-0895,4,0,0,4,0.0448717948717949,0.286084776921868,6.37560359997306,5,Z,1,1,2,0,False,R-C98,B
WB-BRG-0403,6,0,0,6,0.0833333333333333,0.424390771437976,5.09268925725571,7,Z,2.7,2,5,0,False,R-A21,B
TE-BLT-0449,3,1,0,4,0.0448717948717949,0.236723568690428,5.27555381652954,6,Z,1,2,4,0,False,R-Y22,E
TC-CAB-0558,1,1,0,2,0.0128205128205128,0.112861861736257,8.80322521542806,2,Z,1,1,2,0,False,R-T37,B
TC-CAB-0485,5,0,0,5,0.0769230769230769,0.41795912037271,5.43346856484523,6,Z,2.7,3,5,0,False,R-S35,D
TC-CMP-0239,2,3,0,5,0.0833333333333333,0.408906225283094,4.90687470339713,8,Z,1,2,3,0,False,R-G32,PALLET
WA-BRG-0248,2,3,0,5,0.128205128205128,0.587152216544302,4.57978728904556,9,Z,1.3,2,3,0,False,R-M10,B
TC-SNS-0951,5,0,0,5,0.0448717948717949,0.262566703486911,5.85148653485116,5,Z,1,2,3,0,False,R-I78,E
WA-BLT-0666,2,3,0,5,0.0833333333333333,0.467779012249454,5.61334814699345,6,Z,1.6,3,5,0,False,R-P57,B
TC-CMP-0601,2,3,0,5,0.0769230769230769,0.47571286458171,6.18426723956223,5,Z,1.3,2,3,0,False,R-B64,E
AD-BRG-0862,8,0,0,8,0.185897435897436,0.825438199788938,4.44028824714049,13,Z,1.4,3,5,0,False,R-C07,D
WB-PNE-0256,4,0,0,4,0.314102564102564,0.801647393965357,2.55218353997134,27,Z,1,1,2,0,False,R-Z67,ORANGE
VL-SNS-0855,2,0,0,2,0.17948717948718,1.48318393128705,8.26345333145645,8,Z,1,1,2,0,False,R-L39,D
VL-BRG-0814,3,5,0,8,0.0384615384615385,0.22388405365034,5.82098539490883,5,Z,2.7,4,7,0,False,R-I75,B
TC-CAB-0201,7,0,0,7,0.0833333333333333,0.507471064909548,6.08965277891457,6,Z,1,3,4,0,False,R-G24,B
WA-BLT-0706,4,0,0,4,0.17948717948718,0.667080103398912,3.71658914750822,16,Z,1,2,3,0,False,R-Q19,VER
WB-BLT-0222,3,4,0,7,0.0448717948717949,0.347209125752463,7.73780337391204,4,Z,1.4,3,5,0,False,R-D90,B
VL-PNE-0501,2,1,0,3,0.243589743589744,0.685064582515188,2.81237039137814,23,Z,1,2,3,0,False,R-F42,B
WB-CMP-0404,3,3,0,6,0.0576923076923077,0.345298087499438,5.98516684999025,5,Z,1.1,3,4,0,False,R-G36,VER
TE-CAB-0988,8,0,0,8,0.102564102564103,0.497470857366406,4.85034085932246,7,Z,1.3,3,5,0,False,R-H97,B
TC-CMP-0851,7,0,0,7,0.0641025641025641,0.40448273904696,6.30993072913258,5,Z,1.6,1,3,0,False,R-D03,F
WB-BLT-0060,6,0,0,6,0.0576923076923077,0.305653918047628,5.29800124615888,6,Z,1.4,2,4,0,False,R-I08,ORANGE
WB-BRG-0940,4,0,1,3,0.0833333333333333,0.532290647422377,6.38748776906853,6,Z,1,2,3,0,False,R-A70,D
VL-PNE-0311,4,0,0,4,0.0256410256410256,0.15857095486057,6.18426723956222,4,Z,1,2,3,0,False,R-I68,F
TC-BLT-0444,5,0,0,5,0.301282051282051,0.757073071812003,2.51283828090792,26,Z,1,2,4,0,False,R-P49,PALLET
TC-BLT-0579,5,0,0,5,0.0512820512820513,0.273445678862673,5.33219073782213,6,Z,1,2,4,0,False,R-B60,E
VL-CON-0999,3,3,0,6,0.0576923076923077,0.363502400318376,6.30070827218519,6,Z,1,2,4,0,False,R-E44,PALLET
TC-BLT-0921,7,0,0,7,0.0961538461538462,0.465296938196233,4.83908815724082,9,Z,1.1,3,5,0,False,R-H72,B
TC-CMP-0786,9,0,0,9,0.108974358974359,0.489551709993593,4.4923568681765,9,Z,1.1,3,5,0,False,R-Z67,B
VL-CMP-0027,6,0,0,6,0.192307692307692,0.546134623783628,2.83990004367487,20,Z,1,4,6,0,False,R-N58,F
TC-BLT-0183,10,0,0,10,0.217948717948718,0.614815700629287,2.82091909700496,25,Z,1.1,3,5,0,False,R-C86,D
TC-BLT-0257,5,2,0,7,0.0448717948717949,0.236723568690428,5.27555381652954,6,Z,1,4,6,0,False,R-F02,VER
WB-MTR-0809,3,0,0,3,0,0,,0,Z,1.1,1,2,0,False,R-N02,F
WB-HYD-0963,1,2,0,3,0,0,,0,Z,1.4,1,2,0,False,R-F81,PALLET
TC-MTR-0968,3,0,0,3,0,0,,0,Z,1,1,2,0,False,R-C98,D
WB-CMP-0204,10,0,0,10,0.519230769230769,1.0062460024118,1.93795526390421,42,Y,1.1,3,5,0,False,R-H22,E
TC-BLT-0742,5,0,0,5,0.256410256410256,0.689757272611122,2.69005336318338,23,Z,1,2,4,0,False,R-N58,E
AD-BRG-0684,2,3,0,5,0.282051282051282,0.801570006158251,2.8419300218338,20,Z,1,2,3,0,False,R-D69,B
WB-BRG-0073,3,2,0,5,0.0576923076923077,0.326079044748843,5.65203677564661,5,Z,1,3,5,0,False,R-P93,F
VL-BLT-0035,7,0,0,7,0.0769230769230769,0.447768107300679,5.82098539490883,6,Z,1.4,3,5,0,False,R-S55,D
TC-CON-0503,8,0,0,8,0.0641025641025641,0.353407143062469,5.51315143177452,6,Z,1.1,6,8,0,False,R-T62,B
TC-BLT-0768,6,0,0,6,0.487179487179487,1.21010359187153,2.48389684647314,34,Y,1,3,5,0,False,R-T12,F
VL-CON-0309,11,0,0,11,0.0961538461538462,0.725381734019839,7.54397003380632,3,Z,1,3,5,0,False,R-Y16,E
VL-CON-0668,7,0,0,7,0.128205128205128,0.840260702385594,6.55403347860763,6,Z,1,3,5,0,False,R-N08,D
TC-CMP-0754,7,0,0,7,0.288461538461538,1.03493565568802,3.58777693971847,15,Z,1.3,4,6,0,False,R-C16,D
TE-CON-0656,2,5,0,7,0.5,1.01917107367672,2.03834214735344,41,Y,1,3,6,0,False,R-P23,E
WA-CON-0358,3,4,0,7,0.333333333333333,1.18775110531291,3.56325331593873,17,Z,1,3,6,0,False,R-H05,D
VL-CMP-0764,7,0,0,7,0.301282051282051,0.882955972269336,2.9306623760429,23,Z,1.1,3,5,0,False,R-H65,E
WA-BRG-0141,11,0,1,10,0.314102564102564,1.07646067113923,3.42709927954529,24,Z,1,4,6,0,False,R-F22,B
TC-CON-0936,11,0,0,11,0.230769230769231,0.856445421089523,3.71126349138793,13,Z,1,5,8,0,False,R-Z72,E
WB-CON-0919,10,0,0,10,0.737179487179487,1.54966043933951,2.10214807423447,49,Y,1,6,9,0,False,R-G32,B
VL-BRG-0604,3,6,0,9,0.256410256410256,0.976311656162439,3.80761545903351,20,Z,1,4,6,0,False,R-A16,D
WA-CON-0080,11,0,1,10,0.628205128205128,1.30120514223049,2.07130614477507,43,Y,1,2,5,0,False,R-N38,B
TC-CON-0582,26,0,0,26,0.615384615384615,1.30735654717419,2.12445438915805,40,Y,1.4,8,12,0,False,R-B14,B
WB-CON-0335,13,0,0,13,0.185897435897436,0.900211352814059,4.84251624272391,10,Z,1.3,5,10,0,False,R-D97,D
WB-CON-0707,5,6,0,11,0.801282051282051,1.05598064373067,1.31786384337587,69,Y,1,5,9,0,False,R-Z66,B
VL-CON-0860,10,0,0,10,0.224358974358974,1.06905878379501,4.76494772205775,12,Z,1,5,8,0,False,R-I85,D
WB-CON-0831,21,0,0,21,0.852564102564103,1.10017293174088,1.29042840113968,73,Y,1.4,6,10,0,False,R-B91,F
TC-CON-0597,9,0,0,9,0.275641025641026,1.00047548662538,3.62963199798976,15,Z,1,3,6,0,False,R-I65,B
VL-BRG-0375,10,0,1,9,0.557692307692308,1.07906999752257,1.93488413348874,45,Y,1,4,6,0,False,R-M67,E
WB-BRG-0838,4,4,0,8,0.717948717948718,1.08832438116745,1.51588038805466,59,Y,1.4,5,8,0,False,R-D82,D
VL-CAB-0959,2,1,1,2,0.0705128205128205,0.496597188450065,7.04265103620093,4,Z,1,2,3,3,True,R-F35,B
AD-CMP-0821,1,2,0,3,0.0512820512820513,0.33687121679957,6.56898872759162,4,Z,1,1,2,0,False,R-M15,B
WB-CAB-0402,7,0,0,7,0.205128205128205,0.768055346778777,3.74426981554654,15,Z,1.1,2,3,0,False,R-E12,PALLET
VL-PNE-0639,3,0,1,2,0.141025641025641,0.446473175132045,3.16590069639086,17,Z,1.3,1,2,0,False,R-S49,VER
WA-HYD-0567,4,0,0,4,0.102564102564103,0.63428381944228,6.18426723956223,6,Z,1,1,2,0,False,R-L38,F
TC-BRG-0182,2,1,0,3,0.0641025641025641,0.334654124374891,5.2206043402483,6,Z,1,2,3,0,False,R-Z45,B
WB-SNS-0932,6,0,0,6,0.0705128205128205,0.378659426298748,5.37007913660042,6,Z,1.6,2,3,0,False,R-C30,B
VL-PNE-0775,6,0,0,6,0.153846153846154,0.623764287095758,4.05446786612243,10,Z,1.3,2,3,0,False,R-L30,E
TC-CMP-0774,2,1,0,3,0.237179487179487,0.653646639145978,2.7559155596425,22,Z,1.1,2,3,0,False,R-Q06,D
TC-SNS-0638,6,0,1,5,0.0961538461538462,0.553916800015986,5.76073472016626,7,Z,2.7,1,3,0,False,R-C80,E
VL-PNE-0599,3,0,0,3,0.0769230769230769,0.402227050925566,5.22895166203236,7,Z,1.1,2,3,0,False,R-G52,VER
WB-PNE-0085,2,3,0,5,0.0897435897435897,0.347744713033159,3.87486965951235,11,Z,1.1,2,3,0,False,R-Q73,D
WA-BLT-0736,3,0,0,3,0.243589743589744,0.773528112146691,3.17553646039168,21,Z,1.1,2,3,0,False,R-S21,D
TC-MTR-0133,5,0,1,4,0,0,,0,Z,1.4,1,2,0,False,R-C66,VER
VL-SAF-0733,3,0,0,3,0,0,,0,Z,1,1,2,0,False,R-B35,D
TC-MTR-0144,2,0,0,2,0.0128205128205128,0.112861861736257,8.80322521542806,2,Z,1.4,1,2,0,False,R-Z78,E
WB-SAF-0807,3,0,1,2,0,0,,0,Z,1,1,2,0,False,R-Z10,F
WA-SAF-0702,4,0,0,4,0,0,,0,Z,1,1,2,0,False,R-B25,F
TC-MTR-0324,3,0,0,3,0,0,,0,Z,1,1,2,0,False,R-A36,F
WB-MTR-0002,2,0,0,2,0.0128205128205128,0.112861861736257,8.80322521542806,2,Z,1.1,1,2,0,False,R-Q65,E
TC-PCB-0538,2,0,0,2,0,0,,0,Z,1.4,1,2,0,False,R-Q80,E
TE-MTR-0881,4,0,0,4,0,0,,0,Z,1,1,2,0,False,R-Q52,E
WB-SAF-0476,1,2,0,3,0,0,,0,Z,1,1,2,0,False,R-C41,B
TE-PCB-0657,2,0,0,2,0,0,,0,Z,1,1,2,0,False,R-F25,B
WB-MTR-0502,4,0,0,4,0.00641025641025641,0.0800640769025436,12.4899959967968,1,Z,1.6,1,2,0,False,R-P98,F
TE-MTR-0950,2,0,0,2,0,0,,0,Z,1.1,1,2,0,False,R-H21,B
TC-SAF-0470,4,0,0,4,0.0256410256410256,0.252694331445618,9.85507892637909,2,Z,1.4,1,2,0,False,R-B68,PALLET
TE-PCB-0460,1,1,0,2,0,0,,0,Z,1.1,1,2,0,False,R-S68,VER
WA-MTR-0137,5,0,0,5,0,0,,0,Z,1.3,1,2,0,False,R-P60,D
WA-SAF-0690,1,2,0,3,0,0,,0,Z,1,1,2,0,False,R-N32,D
TC-PCB-0103,1,2,0,3,0.0192307692307692,0.137777466491995,7.16442825758375,3,Z,1,1,2,0,False,R-P31,E
TC-MTR-0938,2,0,0,2,0,0,,0,Z,1,1,2,0,False,R-Q20,B
WB-PCB-0114,4,0,0,4,0,0,,0,Z,1,1,2,0,False,R-Z93,D
VL-PCB-0615,4,0,0,4,0,0,,0,Z,1.6,1,2,0,False,R-F32,PALLET
TC-PCB-0015,1,1,0,2,0.0192307692307692,0.178566111228879,9.28543778390172,2,Z,1,1,2,0,False,R-M02,E
WA-SAF-0356,2,0,0,2,0,0,,0,Z,1,1,2,0,False,R-E83,D
VL-SAF-0281,4,0,0,4,0,0,,0,Z,1.4,1,2,0,False,R-B10,E
WB-MTR-0160,2,0,0,2,0.0320512820512821,0.264450051259683,8.25084159930211,3,Z,1.4,1,2,0,False,R-B11,B
VL-MTR-0885,3,0,1,2,0,0,,0,Z,1,1,2,0,False,R-Z31,D
WA-CMP-0129,3,7,0,10,0.0320512820512821,0.210065175596399,6.55403347860764,4,Z,1.6,4,6,0,False,R-S73,E
TE-CON-0977,12,0,0,12,0.198717948717949,0.882955972269336,4.44326231206504,11,Z,2.7,4,9,0,False,R-I21,B
TC-BRG-0321,5,0,0,5,0.134615384615385,0.50909836126156,3.78187354080016,13,Z,1,1,3,0,False,R-I28,B
WA-PCB-0214,5,0,0,5,0,0,,0,Z,1,1,2,0,False,R-Q07,B
WB-PCB-0327,4,0,0,4,0,0,,0,Z,1.6,1,2,0,False,R-T16,D
VL-MTR-0478,1,2,0,3,0,0,,0,Z,1.4,1,2,0,False,R-A04,VER
VL-PCB-0752,1,2,0,3,0,0,,0,Z,1.3,1,2,0,False,R-D40,E
TC-PCB-0904,4,0,0,4,0,0,,0,Z,1,1,2,0,False,R-Y52,B
TC-MTR-0884,3,0,1,2,0,0,,0,Z,2.7,1,2,0,False,R-D38,B
WA-MTR-0724,5,0,0,5,0.0320512820512821,0.287814272435716,8.97980529999435,2,Z,2.7,1,2,0,False,R-G50,E
TC-MTR-0941,3,0,0,3,0,0,,0,Z,1.4,1,2,0,False,R-E63,E
TE-PCB-0325,3,0,0,3,0,0,,0,Z,1,1,2,0,False,R-C07,B
VL-MTR-0181,3,0,0,3,0,0,,0,Z,1.4,1,2,0,False,R-Q71,E
VL-PCB-0052,3,0,0,3,0.0128205128205128,0.112861861736257,8.80322521542806,2,Z,1.1,1,2,0,False,R-E86,F
WB-BRG-0840,4,3,0,7,0.0833333333333333,0.481373482970891,5.77648179565069,7,Z,1,4,6,0,False,R-E55,D
VL-CON-0284,3,3,0,6,0.115384615384615,0.671652160951019,5.82098539490884,6,Z,1,5,7,5,True,R-B62,E
WB-MTR-0180,2,0,0,2,0,0,,0,Z,1.1,1,2,0,False,R-F79,D
WA-SAF-0452,1,1,0,2,0.00641025641025641,0.0800640769025436,12.4899959967968,1,Z,1,1,2,0,False,R-L87,VER
TC-PCB-0211,1,1,0,2,0,0,,0,Z,1.1,1,2,0,False,R-G05,B
TC-SAF-0374,2,0,0,2,0,0,,0,Z,2.7,1,2,0,False,R-A13,F
TC-MTR-0331,1,1,0,2,0,0,,0,Z,1,1,2,0,False,R-Z85,D
WB-SAF-0603,1,2,0,3,0.0128205128205128,0.160128153805087,12.4899959967968,1,Z,1.4,1,2,0,False,R-Z45,VER
WB-SAF-0531,3,0,0,3,0.00641025641025641,0.0800640769025436,12.4899959967968,1,Z,1,1,2,0,False,R-D81,E
VL-MTR-0844,2,0,0,2,0,0,,0,Z,1.4,1,2,0,False,R-C60,B
TC-MTR-0961,2,0,0,2,0,0,,0,Z,1,1,2,0,False,R-M63,B
TC-SAF-0613,3,0,0,3,0,0,,0,Z,1.6,1,2,0,False,R-D34,F
VL-PCB-0194,5,0,0,5,0.0320512820512821,0.329611145185662,10.2838677297927,2,Z,1.4,1,2,0,False,R-T82,ORANGE
WA-SAF-0917,1,2,0,3,0,0,,0,Z,1,1,2,0,False,R-H93,D
TC-SAF-0729,3,0,0,3,0,0,,0,Z,1.1,1,2,0,False,R-F42,D
TC-MTR-0116,2,0,0,2,0,0,,0,Z,1.6,1,2,0,False,R-L13,B
TC-PCB-0271,3,0,0,3,0,0,,0,Z,1,1,2,0,False,R-Y64,E
VL-MTR-0149,5,0,0,5,0.0384615384615385,0.22388405365034,5.82098539490883,5,Z,1,1,2,0,False,R-Y09,E
VL-PNE-0437,4,0,0,4,0.0705128205128205,0.342894312452093,4.86286479477513,7,Z,1.4,2,3,0,False,R-I01,B
WA-CMP-0811,5,0,0,5,0.102564102564103,0.534964420637692,5.2159031012175,8,Z,1.1,2,3,0,False,R-B60,E
WB-CMP-0610,4,0,0,4,0.224358974358974,0.648310140324809,2.88961091116201,22,Z,1,2,3,0,False,R-T29,B
WB-BLT-0037,6,0,0,6,0.0384615384615385,0.22388405365034,5.82098539490883,5,Z,1.4,2,4,0,False,R-A10,E
TC-BLT-0915,2,4,0,6,0.416666666666667,0.970256589497008,2.32861581479282,31,Y,1,3,4,0,False,R-Z58,B
TC-CAB-0040,3,0,1,2,0.0769230769230769,0.368754862860647,4.79381321718841,7,Z,1.4,1,2,0,False,R-H21,D
TE-CMP-0510,4,0,0,4,0.0641025641025641,0.371214001047951,5.79093841634804,6,Z,1,2,3,0,False,R-M34,F
TC-SNS-0559,3,0,0,3,0.288461538461538,0.819201935675442,2.83990004367487,25,Z,1.1,2,3,0,False,R-H59,D
TC-SNS-0400,2,2,0,4,0.0641025641025641,0.314785890971424,4.91065989915422,8,Z,1,2,3,0,False,R-H49,D
TC-CAB-0626,4,0,0,4,0.237179487179487,0.633598829902588,2.67138966121091,24,Z,1.1,1,2,0,False,R-S17,E
AD-BRG-0850,1,3,0,4,0.102564102564103,0.497470857366406,4.85034085932246,7,Z,1,1,2,0,False,R-P83,B
WB-BLT-0854,2,3,0,5,0.102564102564103,0.484328430016673,4.72220219266256,8,Z,1,2,3,0,False,R-E32,E
TC-CAB-0676,2,0,1,1,0.0448717948717949,0.365318221297873,8.14137750320973,3,Z,1,1,2,2,True,R-N65,E
TC-CMP-0083,2,0,0,2,0.0961538461538462,0.478961863305672,4.98120337837898,8,Z,1,1,2,0,False,R-E08,E
TC-CAB-0093,5,0,0,5,0.217948717948718,0.655447365519221,3.00734673591172,19,Z,1,2,3,0,False,R-P72,D
WB-PNE-0816,5,0,0,5,0.230769230769231,0.777474437676696,3.36905589659902,18,Z,1,2,3,0,False,R-M01,B
WA-BRG-0865,4,0,0,4,0.0769230769230769,0.502104751163977,6.5273617651317,5,Z,1.3,1,2,0,False,R-P51,E
WA-SNS-0337,2,0,0,2,0.0897435897435897,0.615622369291067,6.8597921149576,4,Z,1.1,1,2,0,False,R-C24,B
TC-SNS-0231,5,0,0,5,0.0384615384615385,0.22388405365034,5.82098539490883,5,Z,1.4,2,3,0,False,R-Y05,B
WB-BLT-0760,8,0,1,7,0.0769230769230769,0.52717704118668,6.85330153542684,6,Z,1.3,3,4,0,False,R-H58,D
WB-CMP-0066,2,0,0,2,0.0769230769230769,0.596099813448262,7.7492975748274,5,Z,1,1,2,0,False,R-Q11,E
TC-HYD-0076,2,0,0,2,0.00641025641025641,0.0800640769025436,12.4899959967968,1,Z,1.6,1,2,0,False,R-S83,D
WB-SNS-0468,3,0,0,3,0.128205128205128,0.706814286124939,5.51315143177452,8,Z,1,1,2,0,False,R-G28,B
TC-CMP-0545,1,2,0,3,0.0576923076923077,0.457769974851924,7.93467956410001,3,Z,1.1,1,2,0,False,R-M58,E
TC-BLT-0480,4,0,0,4,0.0897435897435897,0.459618283021548,5.12146086795439,8,Z,1,2,3,0,False,R-E05,B
VL-CMP-0033,2,3,1,4,0.0128205128205128,0.160128153805087,12.4899959967968,1,Z,1,2,3,0,False,R-H64,D
WB-SNS-0443,1,3,0,4,0.0448717948717949,0.286084776921868,6.37560359997306,5,Z,1,2,3,0,False,R-L38,D
WB-CAB-0197,2,3,0,5,0.102564102564103,0.44256564564261,4.31501504501545,10,Z,1.3,2,3,0,False,R-S96,B
WB-BRG-0344,3,0,0,3,0.0384615384615385,0.22388405365034,5.82098539490883,5,Z,1,1,2,0,False,R-T92,D
WB-CMP-0877,7,0,0,7,0.0705128205128205,0.426723140389939,6.05170999098459,6,Z,2.7,3,5,0,False,R-Y95,E
WA-BRG-0602,3,0,0,3,0.0384615384615385,0.192927042356577,5.01610310127101,6,Z,1.3,2,3,0,False,R-H25,D
WA-BLT-0042,5,0,0,5,0.108974358974359,0.766842861042498,7.03691096015469,7,Z,1.1,2,3,0,False,R-I66,E
WB-BRG-0688,4,0,0,4,0.128205128205128,0.669308248749782,5.2206043402483,7,Z,1.3,2,4,0,False,R-S50,B
TC-BLT-0989,11,0,0,11,0.0641025641025641,0.353407143062469,5.51315143177452,6,Z,1,3,5,0,False,R-C49,ORANGE
VL-HYD-0277,5,0,0,5,0,0,,0,Z,1.1,1,2,0,False,R-D68,E
TC-CMP-0647,4,0,0,4,0,0,,0,Z,1,1,2,0,False,R-Q41,PALLET
VL-SNS-0789,5,0,0,5,0,0,,0,Z,1.1,1,2,0,False,R-Z10,VER
TC-SNS-0313,4,0,0,4,0,0,,0,Z,1.1,1,2,0,False,R-D12,D
WA-SNS-0148,6,0,0,6,0,0,,0,Z,1.4,2,3,0,False,R-H02,ORANGE
WA-CMP-0417,1,2,0,3,0,0,,0,Z,1,1,2,0,False,R-P53,VER
AD-CMP-0739,4,0,0,4,0.0576923076923077,0.535698333686638,9.28543778390172,2,Z,1,2,3,0,False,R-T32,D
WA-CAB-0032,5,0,0,5,0.282051282051282,0.734362763435706,2.60364979763568,27,Z,1,2,3,0,False,R-B11,ORANGE
VL-BRG-0418,6,0,0,6,0.0448717948717949,0.365318221297873,8.14137750320974,3,Z,1,3,5,0,False,R-L15,E
WA-BRG-0791,9,0,1,8,0.0448717948717949,0.262566703486911,5.85148653485116,5,Z,1,3,4,0,False,R-Y40,D
WA-BRG-0359,3,0,1,2,0.0769230769230769,0.331924234231958,4.31501504501545,9,Z,1,1,2,0,False,R-Z55,PALLET
WA-CMP-0573,6,0,0,6,0.108974358974359,0.433644985595181,3.97933045604989,11,Z,1.3,4,6,0,False,R-I25,D
WA-BLT-0983,9,0,0,9,0.205128205128205,0.541419266527412,2.63941892432113,23,Z,1,3,5,0,False,R-H59,E
WB-BRG-0735,2,2,1,3,0.320512820512821,0.819025223032604,2.55535869586172,26,Z,1,2,3,0,False,R-Q89,ORANGE
TE-CMP-0121,2,0,0,2,0.0961538461538462,0.530110714593704,5.51315143177452,6,Z,1.3,1,2,0,False,R-Z22,B
WA-PNE-0906,7,0,0,7,0.0448717948717949,0.286084776921868,6.37560359997306,5,Z,2.7,3,5,0,False,R-N32,B
TE-SNS-0640,2,0,0,2,0.0512820512820513,0.451447446945029,8.80322521542806,2,Z,1,1,2,0,False,R-Q21,PALLET
TC-PNE-0861,4,0,0,4,0.0641025641025641,0.334654124374891,5.2206043402483,7,Z,1,2,3,0,False,R-C32,E
WB-BRG-0619,5,0,0,5,0.153846153846154,0.746206286049609,4.85034085932246,9,Z,1.1,1,3,0,False,R-G12,D
AD-BRG-0543,4,3,0,7,0.0576923076923077,0.326079044748843,5.6520367756466,6,Z,1.3,3,5,0,False,R-I47,B
VL-BRG-0867,10,0,0,10,0.0512820512820513,0.296100937342522,5.77396827817917,5,Z,2.7,3,6,0,False,R-Z21,D
VL-CMP-0945,6,0,0,6,0.301282051282051,0.731060844693181,2.42649982493907,29,Y,1.4,2,4,0,False,R-P21,B
VL-CAB-0593,2,0,0,2,0.0769230769230769,0.41795912037271,5.43346856484523,6,Z,1,1,2,0,False,R-H46,D
WA-SNS-0265,2,0,0,2,0.262820512820513,0.701263187326335,2.66822090787581,24,Z,1,1,2,0,False,R-H07,D
TC-SNS-0055,5,0,0,5,0.115384615384615,0.671652160951019,5.82098539490884,7,Z,1.1,1,2,0,False,R-N96,D
TE-CMP-0399,5,0,0,5,0.224358974358974,0.705496557671746,3.1444989427655,19,Z,1.1,2,3,0,False,R-M86,ORANGE
VL-BRG-0689,2,1,0,3,0.0641025641025641,0.420130351192797,6.55403347860763,4,Z,1.6,2,3,0,False,R-M89,D
TC-SNS-0074,1,2,0,3,0.0961538461538462,0.465296938196233,4.83908815724082,7,Z,1,2,3,0,False,R-P82,B
WB-PNE-0614,7,0,0,7,0.320512820512821,0.901519716830738,2.8127415165119,24,Z,2.7,2,4,0,False,R-B29,E
AD-PNE-0102,3,0,0,3,0.243589743589744,0.605051795935766,2.48389684647314,27,Y,1,1,2,0,False,R-S52,VER
WB-PNE-0776,1,2,0,3,0,0,,0,Z,1,1,2,0,False,R-Z95,E
TC-SNS-0070,3,0,0,3,0,0,,0,Z,1.1,1,2,0,False,R-S23,ORANGE
TC-SNS-0191,4,0,0,4,0,0,,0,Z,1,2,3,0,False,R-N77,D
WB-PNE-0078,5,0,1,4,0,0,,0,Z,1.3,2,3,0,False,R-M37,F
TC-SNS-0162,2,1,0,3,0,0,,0,Z,1.6,2,3,0,False,R-A56,B
TC-SNS-0628,3,0,0,3,0.0320512820512821,0.264450051259683,8.25084159930211,3,Z,1,1,2,0,False,R-C63,D
TE-SNS-0479,2,3,0,5,0,0,,0,Z,1,2,3,0,False,R-G25,B
TE-SNS-0525,6,0,0,6,0,0,,0,Z,1,2,3,0,False,R-E08,B
VL-PNE-0803,4,0,0,4,0.0256410256410256,0.225723723472514,8.80322521542806,2,Z,1.1,2,3,0,False,R-L58,E
VL-SNS-0079,6,0,0,6,0.00641025641025641,0.0800640769025436,12.4899959967968,1,Z,1,2,3,0,False,R-T72,D
WB-PNE-0687,4,0,0,4,0,0,,0,Z,1,1,2,0,False,R-A05,B
TE-SNS-0250,2,0,0,2,0.00641025641025641,0.0800640769025436,12.4899959967968,1,Z,1,1,2,0,False,R-C65,D
WB-PNE-0131,5,0,0,5,0.0256410256410256,0.320256307610174,12.4899959967968,1,Z,1.1,1,2,0,False,R-D96,E
TC-SNS-0975,1,3,0,4,0,0,,0,Z,1,1,2,0,False,R-L98,D
TC-SNS-0320,3,0,0,3,0,0,,0,Z,1.4,1,2,0,False,R-M89,B
TC-CAB-0701,2,0,0,2,0.0256410256410256,0.195058897597224,7.60729700629175,3,Z,1,1,2,0,False,R-L21,VER
TC-PNE-0108,2,0,0,2,0,0,,0,Z,1.4,1,2,0,False,R-Q91,E
WA-HYD-0315,3,0,0,3,0.0384615384615385,0.357132222457758,9.28543778390172,2,Z,1,1,2,0,False,R-B41,VER
AD-SNS-0931,4,0,0,4,0.0128205128205128,0.160128153805087,12.4899959967968,1,Z,1.6,2,3,0,False,R-T13,D
VL-CAB-0151,4,0,1,3,0,0,,0,Z,1,1,2,0,False,R-I36,B
WB-PNE-0107,3,0,0,3,0,0,,0,Z,1,1,2,0,False,R-L90,E
WA-SNS-0178,3,0,0,3,0,0,,0,Z,1.1,2,3,0,False,R-N81,F
VL-HYD-0003,7,0,0,7,0.0192307692307692,0.137777466491995,7.16442825758375,3,Z,1.3,2,3,0,False,R-Q14,F
TC-BRG-0979,3,2,0,5,0,0,,0,Z,2.7,2,4,0,False,R-B53,B
VL-HYD-0462,4,0,0,4,0,0,,0,Z,1.1,1,2,0,False,R-M16,PALLET
WA-SNS-0209,3,0,0,3,0,0,,0,Z,1.6,1,2,0,False,R-F56,ORANGE
TC-HYD-0064,3,0,0,3,0,0,,0,Z,1.3,2,3,0,False,R-E58,PALLET
TC-CMP-0856,1,2,1,2,0,0,,0,Z,1,1,2,0,False,R-D04,D
WB-BRG-0159,3,0,0,3,0.102564102564103,0.396427387151425,3.86516702472639,12,Z,1.4,2,3,0,False,R-L24,F
WB-CMP-0390,3,0,0,3,0,0,,0,Z,1.1,2,3,0,False,R-C26,F
AD-SNS-0357,1,2,1,2,0,0,,0,Z,1,1,2,0,False,R-E85,E
WB-SNS-0139,2,2,1,3,0.0128205128205128,0.112861861736257,8.80322521542806,2,Z,2.7,1,3,0,False,R-H21,B
WB-CMP-0663,2,0,0,2,0,0,,0,Z,1,1,2,0,False,R-L38,E
TC-SNS-0711,3,0,1,2,0.0128205128205128,0.160128153805087,12.4899959967968,1,Z,1.1,1,2,0,False,R-Q04,D
WA-SNS-0493,4,0,0,4,0,0,,0,Z,1.1,1,2,0,False,R-P20,B
TC-HYD-0369,2,2,0,4,0,0,,0,Z,1.3,2,3,0,False,R-Y71,D
VL-PNE-0565,2,0,0,2,0,0,,0,Z,1,1,2,0,False,R-D93,F
WA-PNE-0572,3,0,0,3,0.0128205128205128,0.160128153805087,12.4899959967968,1,Z,1.4,2,3,0,False,R-Q03,VER
VL-HYD-0784,2,0,0,2,0,0,,0,Z,1.1,1,2,0,False,R-E80,PALLET
WB-PNE-0802,3,0,0,3,0,0,,0,Z,1.1,1,2,0,False,R-D24,PALLET
WB-CAB-0251,2,0,0,2,0,0,,0,Z,1,1,2,0,False,R-B30,D
WB-CMP-0232,3,0,0,3,0,0,,0,Z,1.4,1,2,0,False,R-Z19,B
TE-PNE-0053,3,0,0,3,0,0,,0,Z,1,1,2,0,False,R-Y63,B
WB-PNE-0886,3,0,0,3,0.0256410256410256,0.195058897597224,7.60729700629176,3,Z,1,1,2,0,False,R-Q83,F
WA-CMP-0065,3,0,0,3,0,0,,0,Z,1.1,2,3,0,False,R-P76,D
WB-HYD-0780,3,0,0,3,0.0192307692307692,0.240192230707631,12.4899959967968,1,Z,1,1,2,0,False,R-F31,VER
TC-SNS-0094,4,0,1,3,0,0,,0,Z,1,1,2,0,False,R-D64,B
WA-CMP-0651,4,0,1,3,0,0,,0,Z,1,1,2,0,False,R-T45,B
TC-PNE-0371,4,0,0,4,0,0,,0,Z,1.3,1,2,0,False,R-D94,D
TC-SNS-0548,1,2,0,3,0.0192307692307692,0.178566111228879,9.28543778390172,2,Z,1,1,2,0,False,R-Y55,B
WB-SNS-0496,5,0,0,5,0,0,,0,Z,1,1,2,0,False,R-A18,E
TC-PNE-0600,2,0,0,2,0.0192307692307692,0.178566111228879,9.28543778390172,2,Z,1,1,2,0,False,R-Y92,D
WA-CAB-0918,2,0,0,2,0,0,,0,Z,1.1,1,2,0,False,R-S75,B
TC-SNS-0868,1,1,0,2,0,0,,0,Z,1.4,2,3,2,True,R-P33,ORANGE
TC-SNS-0652,5,0,0,5,0,0,,0,Z,1.4,1,2,0,False,R-Y70,D
TC-BRG-0595,3,0,0,3,0,0,,0,Z,1,1,2,0,False,R-D20,B
VL-HYD-0875,6,0,0,6,0,0,,0,Z,1.1,2,3,0,False,R-T47,F
WA-SNS-0930,7,0,0,7,0.00641025641025641,0.0800640769025436,12.4899959967968,1,Z,1,2,3,0,False,R-S70,D
TC-SNS-0332,3,0,0,3,0,0,,0,Z,1.1,1,2,0,False,R-S78,D
VL-HYD-0972,4,0,0,4,0,0,,0,Z,1.4,1,2,0,False,R-M09,ORANGE
VL-HYD-0546,6,0,0,6,0,0,,0,Z,1.3,2,3,0,False,R-T69,VER
WA-CMP-0965,4,0,1,3,0.0192307692307692,0.178566111228879,9.28543778390172,2,Z,1.4,2,3,0,False,R-L50,PALLET
VL-PNE-0092,2,0,0,2,0,0,,0,Z,1,1,2,0,False,R-C77,F
TC-PNE-0539,5,0,0,5,0,0,,0,Z,1.1,2,3,0,False,R-M94,E
VL-BRG-0439,10,0,0,10,0.0512820512820513,0.31714190972114,6.18426723956223,5,Z,1.4,2,4,0,False,R-P70,E
WB-PNE-0996,4,0,0,4,0.00641025641025641,0.0800640769025436,12.4899959967968,1,Z,1,2,3,0,False,R-Y51,E
WA-PNE-0578,4,0,0,4,0,0,,0,Z,1.1,1,2,0,False,R-L35,ORANGE
WB-HYD-0185,4,0,0,4,0,0,,0,Z,1.1,1,2,0,False,R-Q26,E
TC-PNE-0058,3,0,0,3,0.0192307692307692,0.178566111228879,9.28543778390172,2,Z,1,1,2,0,False,R-E93,E
WB-SNS-0234,4,0,0,4,0.00641025641025641,0.0800640769025436,12.4899959967968,1,Z,1,1,2,0,False,R-E84,D
WB-CAB-0962,4,0,0,4,0.0256410256410256,0.320256307610174,12.4899959967968,1,Z,1,1,2,0,False,R-Y21,E
AD-SNS-0505,2,0,0,2,0,0,,0,Z,1,1,2,0,False,R-L64,F
TC-HYD-0891,5,0,0,5,0,0,,0,Z,2.7,2,4,0,False,R-E70,E
TE-PNE-0438,2,0,0,2,0.00641025641025641,0.0800640769025436,12.4899959967968,1,Z,1,1,2,0,False,R-D39,F
TC-BLT-0514,10,0,0,10,0.0512820512820513,0.296100937342522,5.77396827817917,5,Z,1,3,5,0,False,R-Z35,B
TC-BRG-0186,7,0,0,7,0.0320512820512821,0.176703571531235,5.51315143177452,5,Z,1.3,4,6,0,False,R-A24,B
TC-BRG-0274,3,2,0,5,0.0512820512820513,0.436922843928688,8.51999545660942,3,Z,1,3,5,0,False,R-D70,D
AD-CMP-0039,1,2,0,3,0.0256410256410256,0.195058897597224,7.60729700629176,3,Z,1.1,2,3,0,False,R-I54,E
TC-CMP-0346,4,0,0,4,0.121794871794872,0.805969251938501,6.61743175275822,4,Z,1,1,2,0,False,R-Q60,E
WB-BLT-0427,6,0,0,6,0.0961538461538462,0.45121836718859,4.69267101876134,9,Z,1.1,2,4,0,False,R-N60,D
WB-PNE-0611,2,0,1,1,0,0,,0,Z,1,1,2,2,True,R-D85,E
VL-HYD-0973,2,0,0,2,0,0,,0,Z,1.1,1,2,0,False,R-N30,E
VL-CAB-0734,2,0,1,1,0,0,,0,Z,1,1,2,2,True,R-G35,B
TC-SNS-0169,2,2,0,4,0,0,,0,Z,1,2,3,0,False,R-Q10,B
WB-PNE-0259,3,0,0,3,0.0320512820512821,0.210065175596399,6.55403347860763,4,Z,1,2,3,0,False,R-T16,PALLET
VL-BRG-0305,2,0,0,2,0,0,,0,Z,1,1,2,0,False,R-L89,B
TE-PNE-0984,2,0,1,1,0,0,,0,Z,1.1,1,2,2,True,R-P70,F
TE-HYD-0249,3,0,0,3,0,0,,0,Z,1,1,2,0,False,R-N73,D
TE-SNS-0914,2,0,0,2,0.0256410256410256,0.195058897597224,7.60729700629176,3,Z,1,1,2,0,False,R-P56,E
WB-CAB-0960,4,0,0,4,0.0512820512820513,0.421898501704238,8.22702078323265,4,Z,1,1,2,0,False,R-M84,B
VL-SNS-0342,2,0,0,2,0.0192307692307692,0.137777466491995,7.16442825758375,3,Z,1.4,1,2,0,False,R-Z57,B
WA-PNE-0125,1,1,0,2,0,0,,0,Z,1,1,2,0,False,R-D50,VER
VL-SNS-0504,2,0,0,2,0,0,,0,Z,1.4,1,2,0,False,R-A91,B
WB-SNS-0879,3,0,0,3,0,0,,0,Z,1.6,2,3,0,False,R-G70,VER
WB-HYD-0710,1,2,0,3,0,0,,0,Z,1,1,2,0,False,R-S82,F
WB-HYD-0461,1,1,0,2,0,0,,0,Z,1.3,2,3,2,True,R-M20,D
TC-SNS-0553,3,0,0,3,0.0256410256410256,0.252694331445618,9.85507892637909,2,Z,1,1,2,0,False,R-S48,B
TC-PNE-0892,3,0,1,2,0,0,,0,Z,1.6,1,2,0,False,R-G21,ORANGE
VL-SNS-0167,3,0,0,3,0,0,,0,Z,1.4,1,2,0,False,R-L26,B
WA-PNE-0878,4,0,0,4,0,0,,0,Z,1,1,2,0,False,R-N14,D
WB-HYD-0009,1,1,0,2,0,0,,0,Z,1,1,2,0,False,R-E58,PALLET
AD-HYD-0866,5,0,0,5,0,0,,0,Z,1.1,1,2,0,False,R-Z69,E
TE-PNE-0944,1,1,0,2,0,0,,0,Z,1,1,2,0,False,R-C87,B
AD-SNS-0146,3,0,0,3,0,0,,0,Z,1,1,2,0,False,R-E88,B
TC-HYD-0446,2,0,0,2,0,0,,0,Z,1,1,2,0,False,R-Y19,ORANGE
AD-HYD-0086,6,0,0,6,0,0,,0,Z,2.7,2,3,0,False,R-N61,E
AD-SNS-0987,2,0,0,2,0,0,,0,Z,1.6,1,2,0,False,R-I33,B
VL-HYD-0728,1,2,0,3,0,0,,0,Z,1,1,2,0,False,R-Z68,PALLET
TC-HYD-0225,3,0,0,3,0.0192307692307692,0.137777466491995,7.16442825758375,3,Z,1,1,2,0,False,R-L71,F
WB-HYD-0082,1,3,0,4,0,0,,0,Z,1.3,2,3,0,False,R-A81,PALLET
TC-CAB-0685,4,0,0,4,0.0128205128205128,0.160128153805087,12.4899959967968,1,Z,1.1,1,2,0,False,R-B28,D
TE-PNE-0561,4,0,0,4,0,0,,0,Z,1.6,1,2,0,False,R-M41,PALLET
TC-HYD-0192,3,0,0,3,0,0,,0,Z,1,2,3,0,False,R-G86,E
TC-SNS-0123,4,0,0,4,0,0,,0,Z,2.7,2,4,0,False,R-Y17,B
WB-CAB-0691,1,2,0,3,0,0,,0,Z,1,2,3,0,False,R-B70,PALLET
TC-HYD-0392,4,0,0,4,0,0,,0,Z,1,1,2,0,False,R-Q70,D
AD-SNS-0130,2,0,1,1,0,0,,0,Z,1,1,2,3,True,R-B65,B
AD-HYD-0692,2,0,0,2,0.0128205128205128,0.112861861736257,8.80322521542806,2,Z,1,1,2,0,False,R-L85,E
AD-HYD-0644,5,0,0,5,0,0,,0,Z,1,1,2,0,False,R-E02,E
TC-SNS-0522,2,0,0,2,0.00641025641025641,0.0800640769025436,12.4899959967968,1,Z,1,1,2,0,False,R-T57,B
WA-HYD-0605,4,0,0,4,0,0,,0,Z,1,1,2,0,False,R-B74,D
TC-HYD-0128,4,0,0,4,0.00641025641025641,0.0800640769025436,12.4899959967968,1,Z,1,1,2,0,False,R-B16,E
WA-PNE-0574,2,0,0,2,0,0,,0,Z,1.1,1,2,0,False,R-T51,E
WB-PNE-0258,2,0,0,2,0,0,,0,Z,1.1,1,2,0,False,R-G86,D
VL-HYD-0920,5,0,0,5,0,0,,0,Z,1.1,2,3,0,False,R-N88,PALLET
TE-SNS-0516,3,0,0,3,0,0,,0,Z,1,1,2,0,False,R-S40,D
WB-SNS-0385,2,2,0,4,0,0,,0,Z,1,2,3,0,False,R-F60,B
AD-HYD-0788,2,2,0,4,0,0,,0,Z,1.4,2,3,0,False,R-L64,D
TE-SNS-0909,4,0,0,4,0,0,,0,Z,1.6,1,2,0,False,R-Y64,D
VL-PNE-0570,4,0,0,4,0,0,,0,Z,2.7,1,2,0,False,R-G21,D
TC-HYD-0150,3,0,0,3,0,0,,0,Z,1,1,2,0,False,R-D86,F
WB-HYD-0719,2,0,0,2,0,0,,0,Z,1.1,1,2,0,False,R-S85,VER
WB-SNS-0126,4,0,0,4,0,0,,0,Z,1,1,2,0,False,R-S86,F
TC-HYD-0011,5,0,1,4,0,0,,0,Z,1,1,2,0,False,R-Q27,E
TC-PNE-0099,1,1,0,2,0.0705128205128205,0.426723140389939,6.05170999098459,5,Z,1,1,2,0,False,R-I40,PALLET
TC-HYD-0883,1,3,0,4,0.0192307692307692,0.240192230707631,12.4899959967968,1,Z,1.1,1,2,0,False,R-Y63,VER
WA-BRG-0050,5,0,0,5,0,0,,0,Z,1,1,2,0,False,R-B25,D
TC-PNE-0759,3,0,1,2,0.0320512820512821,0.264450051259683,8.25084159930211,3,Z,1,1,2,0,False,R-C72,D
TC-SNS-0694,4,0,0,4,0,0,,0,Z,1.1,2,3,0,False,R-N97,B
TC-HYD-0636,7,0,0,7,0.0448717948717949,0.307811184645534,6.8597921149576,4,Z,1.4,2,3,0,False,R-L06,E
WB-HYD-0761,3,0,0,3,0.0128205128205128,0.112861861736257,8.80322521542806,2,Z,1,1,2,0,False,R-G52,VER
TC-SNS-0756,2,3,0,5,0.0128205128205128,0.112861861736257,8.80322521542806,2,Z,1.4,2,3,0,False,R-Z43,B
AD-PNE-0119,4,0,0,4,0,0,,0,Z,1,1,2,0,False,R-E51,VER
TE-HYD-0624,4,0,0,4,0.0256410256410256,0.15857095486057,6.18426723956223,4,Z,1.1,1,2,0,False,R-M12,PALLET
WA-SNS-0236,5,0,0,5,0.0192307692307692,0.240192230707631,12.4899959967968,1,Z,1.1,1,2,0,False,R-L08,D
VL-SNS-0413,2,3,0,5,0,0,,0,Z,1,2,3,0,False,R-I36,PALLET
TE-HYD-0922,3,0,0,3,0.0128205128205128,0.112861861736257,8.80322521542806,2,Z,2.7,2,3,0,False,R-E85,F
TC-SNS-0910,4,0,0,4,0,0,,0,Z,1.4,1,2,0,False,R-H55,D
WB-CAB-0839,2,1,0,3,0.0128205128205128,0.112861861736257,8.80322521542806,2,Z,1,2,3,0,False,R-I47,E
VL-SNS-0528,3,0,0,3,0.0128205128205128,0.160128153805087,12.4899959967968,1,Z,1,1,2,0,False,R-S48,D
AD-HYD-0674,3,0,0,3,0,0,,0,Z,1.3,1,2,0,False,R-Q82,VER
TC-HYD-0051,3,0,0,3,0.0192307692307692,0.178566111228879,9.28543778390172,2,Z,1.4,1,2,0,False,R-L60,D
AD-PNE-0995,4,0,0,4,0,0,,0,Z,1,2,3,0,False,R-F12,PALLET
WB-PNE-0777,3,0,0,3,0,0,,0,Z,1,1,2,0,False,R-B07,D
VL-PNE-0430,2,0,0,2,0,0,,0,Z,1.1,1,2,0,False,R-T03,VER
TE-PNE-0304,4,0,0,4,0.00641025641025641,0.0800640769025436,12.4899959967968,1,Z,1,1,2,0,False,R-P03,VER
TC-SNS-0660,5,0,0,5,0,0,,0,Z,1.4,2,3,0,False,R-Z40,D
TC-CAB-0143,3,0,0,3,0,0,,0,Z,1,1,2,0,False,R-F33,B
TC-PNE-0880,2,0,0,2,0.00641025641025641,0.0800640769025436,12.4899959967968,1,Z,1,1,2,0,False,R-A08,D
TE-CAB-0255,6,0,0,6,0,0,,0,Z,2.7,1,3,0,False,R-E32,E
TC-PNE-0695,1,1,0,2,0,0,,0,Z,1,1,2,0,False,R-T04,F
AD-HYD-0698,2,0,0,2,0.0128205128205128,0.160128153805087,12.4899959967968,1,Z,1,1,2,0,False,R-F19,E
TE-HYD-0210,2,0,0,2,0,0,,0,Z,1,1,2,0,False,R-I12,E
TC-SNS-0012,2,0,0,2,0,0,,0,Z,1,1,2,0,False,R-M46,B
WB-HYD-0823,3,0,1,2,0,0,,0,Z,1.4,1,2,0,False,R-T01,D
WB-PNE-0206,4,0,0,4,0,0,,0,Z,1,1,2,0,False,R-P21,VER
WB-CAB-0533,3,0,0,3,0,0,,0,Z,1,1,2,0,False,R-P34,E
WB-SNS-0061,2,0,0,2,0.00641025641025641,0.0800640769025436,12.4899959967968,1,Z,1.6,1,2,0,False,R-D28,VER
WA-SNS-0859,3,0,0,3,0.0192307692307692,0.178566111228879,9.28543778390172,2,Z,1.4,1,2,0,False,R-F95,D
WB-PNE-0382,4,0,0,4,0,0,,0,Z,1.1,1,2,0,False,R-E25,VER
TC-HYD-0487,1,1,0,2,0,0,,0,Z,1.3,1,2,0,False,R-C97,E
WA-PNE-0671,4,0,0,4,0,0,,0,Z,1,1,2,0,False,R-D25,VER
VL-HYD-1000,3,0,0,3,0.00641025641025641,0.0800640769025436,12.4899959967968,1,Z,1.3,1,2,0,False,R-B26,D
TC-MTR-0395,3,0,0,3,0.0192307692307692,0.240192230707631,12.4899959967968,1,Z,1,1,2,0,False,R-E61,E
VL-PCB-0489,2,0,0,2,0,0,,0,Z,2.7,1,2,0,False,R-I50,ORANGE
WA-PCB-0411,3,0,0,3,0,0,,0,Z,1,1,2,0,False,R-F83,B
WB-PNE-0817,1,2,0,3,0,0,,0,Z,1.6,1,2,0,False,R-N11,F
TE-SNS-0716,3,0,1,2,0.00641025641025641,0.0800640769025436,12.4899959967968,1,Z,1,1,2,0,False,R-B47,ORANGE
TC-SNS-0852,2,0,0,2,0,0,,0,Z,1.6,1,2,0,False,R-N73,B
TC-SNS-0023,5,0,0,5,0,0,,0,Z,1.3,1,2,0,False,R-B86,D
TC-SNS-0007,5,0,0,5,0.0576923076923077,0.58188109433152,10.085938968413,2,Z,1,1,2,0,False,R-C76,VER
AD-SNS-0495,5,0,0,5,0,0,,0,Z,1,1,2,0,False,R-T21,PALLET
TC-PCB-0616,3,0,0,3,0,0,,0,Z,1,1,2,0,False,R-A85,PALLET
VL-PCB-0199,1,3,1,3,0,0,,0,Z,1,1,2,0,False,R-C52,D
TC-SNS-0571,3,0,0,3,0,0,,0,Z,1,1,2,0,False,R-B41,PALLET
VL-SNS-0326,1,2,0,3,0.0256410256410256,0.15857095486057,6.18426723956223,4,Z,1,1,2,0,False,R-S82,D
WA-SNS-0115,2,0,0,2,0,0,,0,Z,2.7,1,2,0,False,R-M57,D
TC-SNS-0913,4,0,0,4,0.0128205128205128,0.112861861736257,8.80322521542806,2,Z,1.3,2,3,0,False,R-T22,D
TC-PCB-0564,4,0,0,4,0,0,,0,Z,1.4,1,2,0,False,R-Y69,F
VL-HYD-0551,3,0,0,3,0.0128205128205128,0.112861861736257,8.80322521542806,2,Z,1,1,2,0,False,R-N11,E
WA-SNS-0458,1,2,0,3,0,0,,0,Z,1.1,1,2,0,False,R-S91,B
TC-PNE-0642,1,1,0,2,0,0,,0,Z,1,1,2,0,False,R-C33,D
TE-CMP-0949,2,3,0,5,0.0961538461538462,0.576741079647404,5.998107228333,6,Z,1,2,3,0,False,R-T34,B
WB-MTR-0606,1,1,0,2,0,0,,0,Z,1,1,2,0,False,R-B40,E
VL-SNS-0275,1,2,0,3,0,0,,0,Z,1.3,1,2,0,False,R-S39,B
WA-CAB-0819,4,0,0,4,0,0,,0,Z,1,1,2,0,False,R-F73,E
WA-SNS-0465,4,0,0,4,0,0,,0,Z,1.4,1,2,0,False,R-A72,B
WB-HYD-0971,2,0,0,2,0,0,,0,Z,1.6,1,2,0,False,R-C04,E
TE-HYD-0641,4,0,0,4,0,0,,0,Z,1.4,1,2,0,False,R-S38,D
VL-MTR-0319,2,0,0,2,0.0128205128205128,0.112861861736257,8.80322521542806,2,Z,1,1,2,0,False,R-S63,E
TC-SNS-0974,5,0,0,5,0,0,,0,Z,1,1,2,0,False,R-C57,B
TC-MTR-0307,2,0,0,2,0,0,,0,Z,1,1,2,0,False,R-Q14,D
WB-PCB-0876,4,0,1,3,0,0,,0,Z,1,1,2,0,False,R-D76,E
WB-PCB-0563,5,0,0,5,0.0256410256410256,0.252694331445618,9.85507892637909,2,Z,2.7,1,2,0,False,R-Y39,E
TE-BRG-0109,10,0,0,10,0.211538461538462,0.601177504618689,2.8419300218338,21,Z,1,3,5,0,False,R-I77,B
TC-BLT-0062,3,4,1,6,0.198717948717949,0.61612600088463,3.10050503670975,19,Z,1,3,5,0,False,R-S82,B
WA-CMP-0472,6,0,0,6,0.0705128205128205,0.469896069321298,6.66398061946568,5,Z,1,3,5,0,False,R-A06,VER
VL-CMP-0353,3,3,0,6,0.128205128205128,0.649743857401974,5.06800208773539,8,Z,1.3,2,4,0,False,R-B46,B
TC-SNS-0440,1,2,1,2,0,0,,0,Z,1,1,2,0,False,R-F14,D
WA-PNE-0718,1,2,1,2,0,0,,0,Z,1.1,1,2,0,False,R-D72,F
WA-PNE-0006,5,0,0,5,0.00641025641025641,0.0800640769025436,12.4899959967968,1,Z,1.4,1,2,0,False,R-C19,E
WB-PCB-0805,3,0,0,3,0,0,,0,Z,1,1,2,0,False,R-Q84,D
WA-SNS-0527,2,0,0,2,0,0,,0,Z,1.3,1,2,0,False,R-Y25,B
VL-MTR-0147,3,0,0,3,0,0,,0,Z,1.3,1,2,0,False,R-H88,E
TE-PCB-0708,5,0,1,4,0.0128205128205128,0.112861861736257,8.80322521542806,2,Z,1.3,1,2,0,False,R-Q26,B
TC-SNS-0863,2,0,0,2,0,0,,0,Z,1,1,2,0,False,R-F87,B
WA-SNS-0901,2,0,0,2,0.0128205128205128,0.160128153805087,12.4899959967968,1,Z,2.7,1,2,0,False,R-T83,E
TE-SAF-0340,3,0,0,3,0,0,,0,Z,1,1,2,0,False,R-Q51,PALLET
TC-MTR-0393,4,0,0,4,0.0256410256410256,0.15857095486057,6.18426723956223,4,Z,1,1,2,0,False,R-C42,VER
AD-PNE-0804,2,0,0,2,0,0,,0,Z,1,1,2,0,False,R-I28,D
VL-SNS-0298,3,0,0,3,0.00641025641025641,0.0800640769025436,12.4899959967968,1,Z,1,1,2,0,False,R-P71,E
AD-PCB-0744,2,0,0,2,0,0,,0,Z,1.3,1,2,0,False,R-Q63,D
TC-MTR-0745,2,0,0,2,0,0,,0,Z,1.1,1,2,0,False,R-I19,VER
TC-MTR-0262,2,0,0,2,0,0,,0,Z,1,1,2,0,False,R-S14,E
VL-PCB-0229,1,2,0,3,0.00641025641025641,0.0800640769025436,12.4899959967968,1,Z,1.3,1,2,0,False,R-F53,D
TC-HYD-0373,3,0,0,3,0,0,,0,Z,1.3,1,2,0,False,R-D40,F
TC-PCB-0730,1,1,0,2,0.0256410256410256,0.320256307610174,12.4899959967968,1,Z,1,1,2,0,False,R-Y30,D
VL-PCB-0703,4,0,0,4,0.0448717948717949,0.347209125752463,7.73780337391204,4,Z,1.4,1,2,0,False,R-I64,F
TC-PCB-0106,2,0,0,2,0.0320512820512821,0.264450051259683,8.25084159930211,3,Z,1,1,2,0,False,R-A52,F
VL-SNS-0634,3,0,1,2,0.0128205128205128,0.112861861736257,8.80322521542806,2,Z,1,1,2,0,False,R-Q75,E
TE-SAF-0166,4,0,0,4,0.0192307692307692,0.240192230707631,12.4899959967968,1,Z,2.7,1,2,0,False,R-C59,D
WA-MTR-0806,4,0,0,4,0,0,,0,Z,1,1,2,0,False,R-Q94,D
TC-PCB-0196,4,0,0,4,0,0,,0,Z,1,1,2,0,False,R-I68,E
TC-SAF-0428,3,0,0,3,0,0,,0,Z,1.4,1,2,0,False,R-D92,D
AD-SNS-0453,1,2,0,3,0.00641025641025641,0.0800640769025436,12.4899959967968,1,Z,2.7,1,2,0,False,R-H02,B
AD-PCB-0097,4,0,0,4,0,0,,0,Z,1.1,1,2,0,False,R-I86,PALLET
TC-PCB-0555,3,0,0,3,0,0,,0,Z,1.1,1,2,0,False,R-I55,VER
AD-PCB-0679,4,0,0,4,0,0,,0,Z,1.4,1,2,0,False,R-T93,D
TC-MTR-0787,4,0,1,3,0,0,,0,Z,1,1,2,0,False,R-Y48,D
TC-PCB-0743,3,0,0,3,0,0,,0,Z,1.1,1,2,0,False,R-N35,F
WB-SNS-0658,1,2,0,3,0,0,,0,Z,1,1,2,0,False,R-M64,B
TC-SAF-0174,3,0,1,2,0,0,,0,Z,1,1,2,0,False,R-Q50,D
AD-PCB-0285,1,2,0,3,0,0,,0,Z,1.1,1,2,0,False,R-E48,B
VL-HYD-0486,2,0,0,2,0,0,,0,Z,1.4,1,2,0,False,R-E67,F
TE-PNE-0014,3,0,0,3,0,0,,0,Z,1.4,1,2,0,False,R-N33,B
WB-PNE-0903,2,0,0,2,0,0,,0,Z,1,1,2,0,False,R-I61,D
TC-PCB-0681,1,2,0,3,0.0128205128205128,0.160128153805087,12.4899959967968,1,Z,1.4,1,2,0,False,R-I68,D
WA-SNS-0264,4,0,0,4,0,0,,0,Z,1.6,1,2,0,False,R-C81,D
WB-SAF-0609,5,0,1,4,0.0384615384615385,0.192927042356577,5.01610310127101,6,Z,1.1,1,2,0,False,R-B88,B
VL-PCB-0801,4,0,1,3,0,0,,0,Z,1,1,2,0,False,R-A08,D
WB-MTR-0045,2,0,0,2,0,0,,0,Z,1,1,2,0,False,R-P87,VER
WB-PCB-0117,5,0,0,5,0,0,,0,Z,1,1,2,0,False,R-S40,PALLET
WA-MTR-0364,1,2,0,3,0,0,,0,Z,1,1,2,0,False,R-N54,B
WB-SNS-0542,4,0,0,4,0,0,,0,Z,1.4,1,2,0,False,R-N46,D
TC-SAF-0136,2,0,0,2,0,0,,0,Z,1.4,1,2,0,False,R-S15,D
AD-HYD-0946,3,0,0,3,0,0,,0,Z,1.1,1,2,0,False,R-I19,VER
VL-MTR-0420,3,0,0,3,0.0320512820512821,0.287814272435716,8.97980529999435,2,Z,1,1,2,0,False,R-H21,B
WB-PCB-0623,4,0,0,4,0,0,,0,Z,1,1,2,0,False,R-F20,VER
TC-HYD-0019,1,2,0,3,0,0,,0,Z,1,1,2,0,False,R-D55,E
TE-PCB-0957,2,0,0,2,0,0,,0,Z,1.1,1,2,0,False,R-G92,PALLET
AD-MTR-0887,3,0,0,3,0,0,,0,Z,1.1,1,2,0,False,R-D22,D
WA-PCB-0669,3,0,0,3,0.00641025641025641,0.0800640769025436,12.4899959967968,1,Z,1.6,1,2,0,False,R-N45,ORANGE
WB-PCB-0269,4,0,0,4,0,0,,0,Z,1,1,2,0,False,R-C86,VER
WA-HYD-0077,2,0,1,1,0,0,,0,Z,1.3,1,2,3,True,R-N66,D
WB-SAF-0835,2,0,0,2,0.0576923076923077,0.471653024672144,8.17531909431717,3,Z,1.1,1,2,0,False,R-B91,D
TC-MTR-0243,2,0,0,2,0,0,,0,Z,1,1,2,0,False,R-I01,E
WB-MTR-0748,2,0,0,2,0,0,,0,Z,1,1,2,0,False,R-H87,E
TE-SAF-0845,3,0,0,3,0.00641025641025641,0.0800640769025436,12.4899959967968,1,Z,1,1,2,0,False,R-F06,VER
WA-SNS-0104,4,0,0,4,0.0384615384615385,0.22388405365034,5.82098539490883,5,Z,1.1,1,2,0,False,R-Z17,D
TE-SNS-0837,1,2,0,3,0,0,,0,Z,1,1,2,0,False,R-N06,PALLET
WA-PCB-0750,1,1,0,2,0.0256410256410256,0.225723723472514,8.80322521542806,2,Z,1.4,1,2,0,False,R-H83,F
VL-MTR-0047,3,0,0,3,0,0,,0,Z,1.4,1,2,0,False,R-L65,D
TC-HYD-0646,2,0,0,2,0,0,,0,Z,1.1,1,2,0,False,R-P40,PALLET
WA-PCB-0220,3,0,0,3,0.0384615384615385,0.298049906724131,7.7492975748274,3,Z,1,1,2,0,False,R-Q35,ORANGE
WB-PCB-0577,3,0,0,3,0.00641025641025641,0.0800640769025436,12.4899959967968,1,Z,1,1,2,0,False,R-T84,VER
TC-MTR-0253,1,2,0,3,0,0,,0,Z,1,1,2,0,False,R-Y13,PALLET
WB-SNS-0722,1,3,1,3,0,0,,0,Z,1.1,1,2,0,False,R-F49,B
WB-MTR-0361,4,0,0,4,0,0,,0,Z,1.1,1,2,0,False,R-Q62,D
VL-MTR-0295,4,0,0,4,0,0,,0,Z,1.4,1,2,0,False,R-H43,D
VL-SNS-0675,3,0,0,3,0,0,,0,Z,1.4,1,2,0,False,R-A90,B
TE-PCB-0580,2,0,0,2,0.00641025641025641,0.0800640769025436,12.4899959967968,1,Z,1.6,1,2,0,False,R-G85,F
WB-SNS-0293,4,0,1,3,0,0,,0,Z,1,1,2,0,False,R-Y64,B
AD-PCB-0244,4,0,0,4,0,0,,0,Z,1,1,2,0,False,R-L54,D
WB-HYD-0454,4,0,0,4,0.0192307692307692,0.178566111228879,9.28543778390172,2,Z,1,1,2,0,False,R-I09,E
TC-MTR-0535,2,0,0,2,0,0,,0,Z,1.3,1,2,0,False,R-E49,B
VL-PCB-0782,2,0,0,2,0,0,,0,Z,1.3,1,2,0,False,R-I17,PALLET
VL-HYD-0154,3,0,0,3,0,0,,0,Z,1,1,2,0,False,R-G55,E
VL-MTR-0170,3,0,0,3,0,0,,0,Z,1.3,1,2,0,False,R-I39,D
WA-PCB-0296,3,0,0,3,0,0,,0,Z,1.6,1,2,0,False,R-P64,VER
WB-MTR-0049,3,0,0,3,0,0,,0,Z,1,1,2,0,False,R-M19,D
TE-MTR-0836,4,0,0,4,0,0,,0,Z,1,1,2,0,False,R-M77,D
TC-PCB-0059,1,2,0,3,0,0,,0,Z,1,1,2,0,False,R-Q45,F
VL-PCB-0629,1,2,0,3,0,0,,0,Z,1,1,2,0,False,R-A40,F
TC-PCB-0202,2,0,0,2,0,0,,0,Z,1.1,1,2,0,False,R-N19,B
TC-HYD-0550,1,3,0,4,0,0,,0,Z,1.3,1,2,0,False,R-N72,E
TC-PCB-0524,2,0,1,1,0,0,,0,Z,1.1,1,2,3,True,R-H61,D
WB-PCB-0956,2,0,0,2,0,0,,0,Z,1.4,1,2,0,False,R-P12,VER
WB-PCB-0978,3,0,0,3,0,0,,0,Z,1,1,2,0,False,R-T33,ORANGE
WB-MTR-0155,4,0,0,4,0,0,,0,Z,1.1,1,2,0,False,R-P90,F
WA-SAF-0338,2,0,0,2,0,0,,0,Z,1.3,1,2,0,False,R-G92,E
TC-PCB-0435,2,0,0,2,0.0192307692307692,0.178566111228879,9.28543778390172,2,Z,1,1,2,0,False,R-E08,D
TC-SAF-0927,1,2,0,3,0,0,,0,Z,1.4,1,2,0,False,R-Q87,E
TC-PCB-0370,2,0,0,2,0,0,,0,Z,1,1,2,0,False,R-P47,D
TC-MTR-0036,2,0,0,2,0.00641025641025641,0.0800640769025436,12.4899959967968,1,Z,1.1,1,2,0,False,R-Y47,E
TE-SNS-0223,3,0,0,3,0,0,,0,Z,1.1,1,2,0,False,R-Z18,B
WB-SAF-0134,2,0,0,2,0,0,,0,Z,1.4,1,2,0,False,R-B68,E
WB-MTR-0330,3,0,0,3,0,0,,0,Z,2.7,1,2,0,False,R-A36,E
TC-MTR-0670,4,0,0,4,0,0,,0,Z,1,1,2,0,False,R-Z19,B
WB-PCB-0228,1,1,0,2,0.00641025641025641,0.0800640769025436,12.4899959967968,1,Z,2.7,1,2,0,False,R-S28,B
WA-PCB-0208,2,0,0,2,0,0,,0,Z,1,1,2,0,False,R-H84,ORANGE
TE-MTR-0312,3,0,0,3,0,0,,0,Z,1,1,2,0,False,R-Y97,D
WB-MTR-0339,3,0,0,3,0,0,,0,Z,1.4,1,2,0,False,R-N15,D
TE-MTR-0122,2,0,0,2,0,0,,0,Z,1,1,2,0,False,R-I39,B
TE-MTR-0219,3,0,0,3,0,0,,0,Z,1,1,2,0,False,R-B63,PALLET
TE-HYD-0737,4,0,0,4,0,0,,0,Z,1,1,2,0,False,R-I74,VER
VL-MTR-0506,3,0,0,3,0,0,,0,Z,1.3,1,2,0,False,R-B51,E
TC-SAF-0556,2,0,0,2,0,0,,0,Z,1,1,2,0,False,R-M77,E
WA-SAF-0541,1,2,0,3,0,0,,0,Z,1,1,2,0,False,R-L14,E
WA-SAF-0226,4,0,0,4,0,0,,0,Z,1.1,1,2,0,False,R-Z51,D
TC-MTR-0650,4,0,0,4,0.00641025641025641,0.0800640769025436,12.4899959967968,1,Z,1.3,1,2,0,False,R-I39,D
WA-SAF-0207,4,0,0,4,0,0,,0,Z,1.4,1,2,0,False,R-C84,D
TC-SAF-0512,5,0,2,3,0,0,,0,Z,1,1,2,0,False,R-F27,F
WB-SAF-0818,3,0,1,2,0,0,,0,Z,1.4,1,2,0,False,R-B93,B
WA-SAF-0161,3,0,0,3,0.0256410256410256,0.15857095486057,6.18426723956223,4,Z,1,1,2,0,False,R-F03,E
WB-SAF-0441,3,0,0,3,0,0,,0,Z,1.1,1,2,0,False,R-T94,B
WA-SAF-0723,3,0,0,3,0,0,,0,Z,1.1,1,2,0,False,R-H02,D
TE-SAF-0314,3,0,0,3,0,0,,0,Z,1.3,1,2,0,False,R-Y41,VER
TC-MTR-0318,2,0,0,2,0,0,,0,Z,1.6,1,2,0,False,R-N35,E
WB-SAF-0266,2,0,0,2,0,0,,0,Z,1.6,1,2,0,False,R-M65,PALLET
WB-PCB-0242,4,0,1,3,0,0,,0,Z,1,1,2,0,False,R-P79,B
VL-MTR-0098,3,0,0,3,0,0,,0,Z,1,1,2,0,False,R-E85,D
WB-SAF-0727,2,0,0,2,0,0,,0,Z,1,1,2,0,False,R-Y95,B
WB-MTR-0473,1,1,0,2,0,0,,0,Z,1.3,1,2,0,False,R-F28,E
TC-MTR-0751,4,0,0,4,0.0128205128205128,0.160128153805087,12.4899959967968,1,Z,1.4,1,2,0,False,R-M18,B
WA-MTR-0828,4,0,0,4,0,0,,0,Z,1,1,2,0,False,R-D45,E
TC-MTR-0355,2,0,0,2,0.0320512820512821,0.264450051259683,8.25084159930211,3,Z,1.4,1,2,0,False,R-I53,E
TC-PCB-0947,3,0,0,3,0,0,,0,Z,1,1,2,0,False,R-F30,PALLET
WA-PCB-0847,3,0,0,3,0,0,,0,Z,1,1,2,0,False,R-N98,D
WA-MTR-0463,1,2,0,3,0,0,,0,Z,1,1,2,0,False,R-C67,D
AD-PCB-0091,3,0,0,3,0.00641025641025641,0.0800640769025436,12.4899959967968,1,Z,1,1,2,0,False,R-N79,F
VL-SAF-0450,3,0,0,3,0,0,,0,Z,1,1,2,0,False,R-I63,E
TC-PCB-0063,3,0,0,3,0,0,,0,Z,1,1,2,0,False,R-H75,VER
TC-PCB-0755,2,0,1,1,0.0256410256410256,0.252694331445618,9.8550789263791,2,Z,1.3,1,2,2,True,R-T32,E
WA-PCB-0046,1,2,0,3,0,0,,0,Z,1.1,1,2,0,False,R-D33,PALLET
WA-PCB-0649,3,0,0,3,0.0833333333333333,0.376029054013604,4.51234864816324,9,Z,1.4,1,2,0,False,R-G34,B
WA-PCB-0145,1,1,1,1,0.0576923076923077,0.363502400318376,6.30070827218518,5,Z,1.3,1,2,3,True,R-E07,D
TC-MTR-0583,3,0,0,3,0,0,,0,Z,1.1,1,2,0,False,R-D37,E
TC-PCB-0633,2,0,0,2,0,0,,0,Z,1,1,2,0,False,R-A65,B
TC-PCB-0896,4,0,0,4,0.0192307692307692,0.137777466491995,7.16442825758375,3,Z,1,1,2,0,False,R-S20,D
WB-MTR-0464,3,0,0,3,0,0,,0,Z,1.6,1,2,0,False,R-L60,E
WB-MTR-0933,2,0,0,2,0,0,,0,Z,1,1,2,0,False,R-Z92,B
WB-PCB-0429,3,0,0,3,0,0,,0,Z,2.7,1,2,0,False,R-C43,VER
TC-BLT-0455,9,0,0,9,0.0512820512820513,0.273445678862673,5.33219073782213,6,Z,1.3,3,5,0,False,R-S95,D
TC-CAB-0827,2,3,0,5,0.0320512820512821,0.210065175596399,6.55403347860763,4,Z,1,2,3,0,False,R-M49,B
VL-CMP-0021,4,0,0,4,0.0512820512820513,0.436922843928688,8.51999545660942,3,Z,1,2,3,0,False,R-Y38,F
WB-CAB-0386,6,0,1,5,0.0192307692307692,0.178566111228879,9.28543778390172,2,Z,1.1,2,3,0,False,R-E08,B
WB-CAB-0749,3,0,0,3,0.237179487179487,0.602277178576919,2.53933080697296,25,Z,1,2,3,0,False,R-B48,B
WB-CAB-0929,4,0,0,4,0.121794871794872,0.548816306514404,4.5060707271709,10,Z,1.4,2,3,0,False,R-N65,B
WB-PNE-0568,5,0,1,4,0.0320512820512821,0.210065175596399,6.55403347860763,4,Z,1,2,3,0,False,R-D50,F
TE-CMP-0537,4,0,0,4,0.198717948717949,0.605564218856792,3.0473554239245,19,Z,1,2,3,0,False,R-E30,E
VL-BLT-0132,5,0,1,4,0.0128205128205128,0.160128153805087,12.4899959967968,1,Z,1.4,2,3,0,False,R-C75,B
WA-BRG-0952,4,0,0,4,0.230769230769231,0.670542908070226,2.90568593497098,20,Z,2.7,2,4,0,False,R-P04,B
TE-SNS-0010,2,0,0,2,0.00641025641025641,0.0800640769025436,12.4899959967968,1,Z,1,1,2,0,False,R-Q64,B
WB-HYD-0044,5,0,0,5,0.108974358974359,0.551522443595824,5.06102948240874,9,Z,1.6,2,3,0,False,R-L51,D
AD-CMP-0586,4,0,0,4,0.102564102564103,0.522765440271036,5.0969630426426,7,Z,1.6,1,2,0,False,R-Z06,B
WB-CMP-0560,6,0,0,6,0.0769230769230769,0.447768107300679,5.82098539490883,6,Z,1,2,3,0,False,R-S30,ORANGE
VL-SNS-0041,2,1,0,3,0.230769230769231,0.84887898636894,3.67847560759874,20,Z,1.3,2,3,0,False,R-L37,D
TC-SNS-0421,4,0,0,4,0.0448717948717949,0.414930211278471,9.24701613706306,3,Z,1.4,2,3,0,False,R-L35,ORANGE
TE-CAB-0926,4,3,0,7,0.0320512820512821,0.238810811741842,7.45089732634546,3,Z,2.7,3,5,0,False,R-F68,E
WA-HYD-0529,1,3,0,4,0.00641025641025641,0.0800640769025436,12.4899959967968,1,Z,1,1,2,0,False,R-Z73,E
VL-CMP-0363,3,0,0,3,0.256410256410256,0.708217160716145,2.76204692679296,23,Z,1,1,2,0,False,R-Y29,E
TE-BRG-0436,4,1,0,5,0.0576923076923077,0.283762386181492,4.91854802714587,7,Z,2.7,3,5,0,False,R-P59,B
TE-BLT-0334,2,0,1,1,0.0448717948717949,0.262566703486911,5.85148653485116,5,Z,1.3,1,2,3,True,R-S17,D
TC-PNE-0408,3,0,0,3,0.243589743589744,0.694418251504927,2.85076966407286,22,Z,1.1,2,3,0,False,R-P96,E
TC-BRG-0442,3,0,0,3,0.0256410256410256,0.15857095486057,6.18426723956223,4,Z,1,2,3,0,False,R-T22,E
AD-PNE-0038,7,0,0,7,0.288461538461538,0.727431321530373,2.52176191463863,26,Z,2.7,2,4,0,False,R-D69,VER
AD-SAF-0484,3,0,0,3,0.00641025641025641,0.0800640769025436,12.4899959967968,1,Z,2.7,1,2,0,False,R-E49,F
WB-MTR-0673,1,2,0,3,0,0,,0,Z,1,1,2,0,False,R-P34,D
WA-SAF-0769,4,0,0,4,0,0,,0,Z,1.6,1,2,0,False,R-P86,PALLET
AD-MTR-0998,4,0,0,4,0,0,,0,Z,1.4,1,2,0,False,R-C42,E
WB-MTR-0031,5,0,0,5,0,0,,0,Z,2.7,1,2,0,False,R-B32,D
WB-SAF-0362,2,0,0,2,0,0,,0,Z,1,1,2,0,False,R-P51,PALLET
WB-MTR-0815,3,0,0,3,0,0,,0,Z,1.6,1,2,0,False,R-Y85,E
WA-PNE-0398,5,0,0,5,0.0705128205128205,0.378659426298748,5.37007913660042,6,Z,1,1,2,0,False,R-Q21,E
